# WaveFront *.obj file (generated by Autodesk ATF)

mtllib Larynx.mtl

g Larynx

v 0.230100 215.223495 -49.072601
v 0.230100 218.492798 -48.055500
v 6.503400 218.492798 -47.632198
v 6.503300 215.223495 -48.648602
v 0.230100 226.965302 -44.345901
v 6.347200 226.966797 -43.933102
v 12.360100 226.968506 -42.709801
v 12.670000 218.490601 -46.377399
v 12.669700 215.223007 -47.391102
v 0.230100 272.028412 -34.766399
v 0.230100 285.838409 -32.321400
v 6.669300 285.866486 -31.883499
v 6.643900 272.041595 -34.330799
v 0.230100 303.620209 -29.790400
v 6.706700 303.671112 -29.352400
v 13.076900 303.824188 -28.052099
v 13.000100 285.951111 -30.584499
v 12.949100 272.081512 -33.038502
v 0.230100 321.217987 -29.668501
v 6.893400 321.296387 -29.227100
v 0.230000 338.022491 -30.955099
v 7.161100 337.871887 -30.471600
v 13.978900 337.663513 -29.066799
v 13.454100 321.533295 -27.914700
v 0.229700 353.424713 -32.650002
v 7.441400 352.526703 -32.050301
v 0.236700 364.420990 -34.591099
v 7.663600 362.767914 -33.876400
v 14.893600 359.499695 -31.991400
v 14.498500 350.799805 -30.403200
v 0.221200 370.818115 -38.959301
v -0.603300 383.353485 -39.436600
v 4.314400 385.012512 -39.338200
v 7.835600 378.518311 -38.708698
v -0.065800 392.105713 -39.595501
v 1.839900 391.494904 -39.311699
v 3.488100 392.992401 -39.316700
v 8.397200 387.625214 -38.897099
v 12.440100 382.967194 -38.251099
v 1.814500 402.501312 -35.733299
v 0.585700 408.425812 -34.806301
v 9.236300 411.322815 -34.139999
v 9.230500 407.856903 -34.816898
v 0.319000 416.583710 -34.330200
v 9.361900 417.335205 -33.774502
v 16.776600 418.247192 -32.643600
v 16.140400 414.387207 -33.203800
v 16.184000 413.229889 -33.753201
v 0.230100 426.134491 -33.671700
v 9.703400 426.208710 -33.104900
v 0.230100 435.277588 -32.950401
v 10.175200 435.381714 -32.236000
v 19.459000 435.906708 -29.734600
v 18.483000 426.659088 -31.159500
v 0.230100 442.213013 -32.285400
v 10.691900 442.292206 -31.272800
v 0.230100 447.052094 -31.310499
v 10.930300 447.075104 -30.040300
v 20.574301 447.398499 -26.478600
v 20.286600 442.762909 -28.158600
v 0.230100 462.216797 -28.595900
v 0.230100 464.504608 -27.691200
v 8.346500 464.270386 -26.642000
v 8.542700 461.954895 -27.572001
v 0.230100 466.313690 -25.726200
v 8.105200 466.110291 -24.671900
v 15.851000 465.689087 -21.676500
v 16.340000 463.726807 -23.513800
v 16.734600 461.316010 -24.390600
v 0.230100 468.468903 -23.644899
v 7.825600 468.302307 -22.654100
v 0.230100 470.969208 -21.541100
v 7.547600 471.058197 -20.658600
v 14.731700 471.241913 -18.326000
v 15.291100 468.021606 -19.941900
v 0.230100 473.814087 -19.508600
v 7.311100 474.589386 -18.755400
v 0.230100 475.149597 -16.852501
v 7.113600 476.618103 -16.206699
v 13.843600 479.005005 -14.690900
v 14.244300 475.867615 -16.844700
v 0.230000 463.354095 -6.874500
v 0.230000 456.409088 -8.498900
v 6.632200 457.422302 -7.860000
v 6.834200 465.026093 -6.225500
v 0.436500 447.068390 -10.664400
v 7.345500 447.416412 -9.988100
v 14.287200 448.077393 -8.063100
v 13.059600 459.190887 -6.297700
v 13.356800 467.915192 -5.033100
v 1.055800 436.068298 -12.064600
v 10.060400 436.209808 -11.225400
v 1.435000 424.342712 -12.313600
v 11.682200 424.617889 -11.443900
v 21.336700 425.347504 -9.592900
v 18.826401 436.600800 -9.158300
v 0.920800 412.825012 -11.025300
v 9.116000 413.455688 -10.515600
v 0.233900 401.951111 -9.372800
v 5.506300 402.914612 -9.236600
v 9.924700 404.932190 -8.971400
v 16.477800 414.903687 -9.376700
v 0.095000 392.156708 -8.529200
v 3.997700 393.185913 -8.403000
v 0.121200 380.244995 -8.771000
v 3.774500 381.115204 -8.515000
v 7.268900 382.827301 -7.829600
v 7.365100 395.252289 -8.100900
v -0.070200 363.019012 -10.374200
v 4.021300 363.548004 -10.072700
v -0.220300 343.405212 -11.863700
v 4.370400 343.603394 -11.562100
v 8.971600 344.069794 -10.676400
v 8.106100 364.620605 -9.221900
v -0.070200 324.329803 -11.764300
v 4.454200 324.400391 -11.469100
v 0.155000 305.135498 -12.106700
v 4.426400 305.182404 -11.818100
v 8.640900 305.322906 -10.961500
v 8.960600 324.612488 -10.591800
v 0.230100 285.164886 -14.921300
v 4.440900 285.192505 -14.633300
v 0.230100 264.660400 -20.056000
v 4.546700 264.674103 -19.761299
v 8.789600 264.714996 -18.887600
v 8.580600 285.275513 -13.779000
v 0.230100 243.864899 -27.358601
v 4.792900 243.870407 -27.048901
v 0.230100 227.060303 -34.102100
v 5.045000 227.061905 -33.776901
v 9.778100 227.065201 -32.812599
v 9.277800 243.886093 -26.130800
v 0.230100 215.232498 -39.362701
v 0.230100 214.133698 -41.144798
v 5.453100 214.133698 -40.791599
v 5.269400 215.232498 -39.021999
v 0.230100 214.133698 -42.916302
v 5.678100 214.133698 -42.547798
v 11.033300 214.133698 -41.455002
v 10.587000 214.133698 -39.743900
v 10.223000 215.232407 -38.011700
v 0.230100 214.133698 -44.687698
v 5.903100 214.133698 -44.304100
v 0.230100 214.133698 -46.459202
v 6.128200 214.133698 -46.060299
v 11.925800 214.133698 -44.877201
v 11.479600 214.133698 -43.166100
v 0.230100 214.133698 -48.230701
v 6.353200 214.133698 -47.816502
v 12.372000 214.133698 -46.588299
v 18.623100 218.484497 -44.306000
v 18.622299 215.221405 -45.314800
v 18.164801 226.967300 -40.690899
v 23.663000 226.961197 -37.917999
v 24.262400 218.472900 -41.460499
v 24.261600 215.218506 -42.462101
v 19.113800 286.092590 -28.438900
v 19.036600 272.148193 -30.904301
v 19.234301 304.080292 -25.903400
v 25.079399 304.441498 -22.947599
v 24.909201 286.292389 -25.490101
v 24.805000 272.242615 -27.971300
v 19.809299 321.929688 -25.743099
v 20.570000 337.631989 -26.785101
v 26.838499 337.789001 -23.666100
v 25.861900 322.488708 -22.748800
v 21.247299 349.178406 -27.856701
v 21.731400 356.250092 -29.188299
v 28.079599 353.076691 -25.551300
v 27.591499 347.697113 -24.471901
v 15.821600 370.693695 -36.851601
v 16.168400 375.770599 -37.201199
v 20.779900 374.683685 -35.537701
v 22.295799 370.403198 -34.549198
v 17.118601 380.575195 -36.945400
v 22.685101 376.363403 -34.313801
v 28.987801 370.739899 -31.093901
v 18.840200 415.623199 -32.745800
v 19.058399 415.475311 -33.190899
v 20.757099 418.885498 -31.395300
v 21.492800 417.998199 -31.770901
v 25.875401 427.713104 -27.590900
v 27.420000 437.065186 -25.087601
v 35.401100 439.816711 -19.629900
v 34.979900 434.059204 -21.572001
v 35.292702 430.724701 -23.006901
v 27.266899 424.125092 -28.086399
v 28.146999 443.858093 -22.866699
v 28.106100 448.276398 -20.874300
v 35.340401 449.602295 -15.608400
v 35.580002 445.332703 -17.588301
v 24.087500 463.033295 -18.325701
v 24.684999 460.447113 -18.942400
v 23.338100 465.239105 -16.907801
v 30.412399 466.004211 -12.662500
v 31.420401 463.574707 -13.720500
v 32.218201 460.830414 -14.071600
v 22.496599 467.845490 -15.768700
v 21.649000 471.437500 -14.858000
v 28.169800 472.475891 -11.467800
v 29.296600 468.816315 -11.936500
v 20.881599 476.600494 -14.125400
v 20.266500 480.291687 -12.726400
v 26.306200 480.972290 -10.291500
v 27.128700 477.447296 -11.181400
v 19.537201 460.444611 -4.166900
v 19.716299 469.895905 -4.052700
v 20.881599 448.668488 -4.861400
v 27.037201 449.900909 -1.441500
v 25.733999 461.679596 -1.734500
v 25.730600 471.145905 -2.587200
v 25.463600 437.207489 -5.785600
v 27.395901 426.437988 -6.665200
v 32.932800 428.739594 -2.878300
v 31.013500 438.524506 -1.969800
v 20.791300 416.736603 -7.225900
v 12.627400 407.149292 -8.221700
v 13.664300 408.809387 -7.303700
v 17.776899 414.438812 -6.700700
v 23.139999 418.835999 -4.391000
v 28.065201 421.734894 -3.726200
v 9.932100 397.346802 -7.455200
v 10.462900 384.485687 -6.736400
v 13.641900 385.923492 -5.381200
v 12.866800 399.214813 -6.114300
v 11.977200 365.722504 -7.875300
v 13.293700 344.676392 -9.225500
v 17.353399 345.403412 -7.275500
v 15.643900 366.771698 -6.228700
v 13.231000 324.966400 -9.140600
v 12.691700 305.557312 -9.546200
v 16.526400 305.885986 -7.599500
v 17.251301 325.463104 -7.140300
v 12.578300 285.413788 -12.368100
v 12.885200 264.782593 -17.444799
v 16.764700 264.877014 -15.462900
v 16.367599 285.607513 -10.429400
v 13.607100 243.910904 -24.615000
v 14.347400 227.068802 -31.220900
v 18.676100 227.071503 -29.034401
v 17.707600 243.944107 -22.533001
v 15.543100 214.133698 -38.013901
v 15.004900 215.231903 -36.343300
v 16.202900 214.133698 -39.650398
v 21.100300 214.133698 -37.170799
v 20.238199 214.133698 -35.636700
v 19.535000 215.230804 -34.050900
v 16.862600 214.133698 -41.286999
v 17.522400 214.133698 -42.923500
v 22.824499 214.133698 -40.239101
v 21.962400 214.133698 -38.704899
v 18.182199 214.133698 -44.560101
v 23.686501 214.133698 -41.773201
v 29.487900 218.454407 -37.883400
v 29.487600 215.213898 -38.875301
v 28.756800 226.947693 -34.432499
v 33.362598 226.928894 -30.298800
v 34.213902 218.430099 -33.640800
v 34.214901 215.207794 -34.621601
v 30.285000 286.551788 -21.781300
v 30.152800 272.365601 -24.283001
v 30.512501 304.909912 -19.226400
v 35.472198 305.673889 -14.807800
v 35.154800 286.873688 -17.382401
v 34.992599 272.519287 -19.908800
v 31.514200 323.213196 -18.968500
v 32.688801 338.145508 -19.749201
v 37.624802 338.834412 -15.651500
v 36.776100 324.846893 -14.465100
v 33.434700 346.390503 -20.309799
v 33.840801 350.036896 -21.164600
v 38.442501 347.469788 -16.851700
v 38.018501 345.405304 -16.368799
v 31.188101 374.450714 -26.731701
v 31.751600 384.857208 -27.013000
v 38.734001 385.532501 -22.579100
v 37.673801 375.906891 -22.096100
v 33.904701 394.124512 -26.728701
v 40.418701 396.001892 -22.551201
v 47.617100 398.777191 -17.010799
v 45.468700 387.364685 -17.217800
v 43.575500 377.022888 -17.144800
v 34.922401 404.151886 -30.147301
v 34.311001 410.205902 -30.855700
v 42.816799 414.718414 -26.055099
v 42.406200 410.490112 -25.697201
v 35.294701 418.121490 -29.999201
v 43.184898 420.934906 -25.431101
v 50.801800 424.428711 -19.871401
v 50.153000 419.402802 -20.829599
v 50.315300 417.667999 -19.923100
v 43.055500 438.939209 -16.992701
v 43.032101 436.931213 -18.255800
v 43.285198 442.258698 -15.875800
v 50.957600 445.740204 -12.236400
v 50.125702 443.252411 -13.043800
v 50.652500 443.107208 -13.363500
v 43.892101 446.941406 -14.515000
v 44.091900 451.269806 -13.062000
v 52.432201 455.277893 -10.499500
v 52.040501 450.489685 -11.397600
v 38.170399 466.736298 -12.340900
v 39.158501 463.948486 -12.622700
v 36.919399 469.227905 -11.237400
v 42.727001 474.483002 -9.644600
v 44.193401 472.077515 -10.922100
v 45.351200 469.365509 -11.220600
v 35.545399 471.976807 -10.247700
v 34.164101 475.188110 -9.368500
v 39.525200 479.622711 -6.788000
v 41.125900 477.009003 -8.241500
v 32.891102 479.066711 -8.596400
v 31.887100 481.540985 -7.364700
v 36.902802 483.602692 -3.595300
v 38.059601 482.290802 -5.359400
v 31.318899 463.391693 0.733000
v 31.218000 471.842987 0.060200
v 32.662800 452.485291 1.138000
v 37.650101 456.268005 4.029800
v 36.262699 466.339111 3.916700
v 36.120602 473.760986 3.859800
v 36.517601 441.046387 1.426900
v 38.598801 431.373688 1.142900
v 43.734299 434.366211 5.629100
v 41.544899 444.617401 5.084900
v 34.621498 425.765503 -0.170500
v 28.886801 423.257385 -1.769100
v 34.146000 426.641388 1.512200
v 40.005501 428.493408 4.209700
v 17.337299 400.601715 -3.726800
v 18.857300 408.711914 -3.569900
v 17.091200 386.973694 -3.910000
v 19.936199 389.165192 -2.288100
v 21.352900 401.133789 -3.215200
v 25.262300 411.145996 0.153000
v 19.115299 367.685791 -4.477800
v 21.167801 346.231293 -4.892300
v 24.675100 347.209686 -1.842100
v 22.318501 368.665009 -1.570000
v 21.007401 326.103210 -4.615800
v 20.092600 306.309204 -5.148600
v 23.334200 306.827515 -2.238200
v 24.442101 326.886902 -1.608500
v 19.882500 285.856812 -7.991500
v 20.359600 264.997986 -12.971500
v 23.610901 265.145996 -10.017800
v 23.066099 286.162109 -5.100500
v 21.506599 243.985001 -19.915800
v 22.687000 227.072296 -26.285700
v 26.314501 227.072098 -23.025999
v 24.941601 244.034302 -16.812700
v 24.589500 214.133698 -32.647701
v 23.733400 215.228897 -31.168699
v 25.639099 214.133698 -34.053001
v 29.745001 214.133698 -30.355600
v 28.525801 214.133698 -29.103001
v 27.531300 215.226395 -27.750500
v 26.688700 214.133698 -35.458401
v 27.738199 214.133698 -36.863701
v 32.183300 214.133698 -32.860802
v 30.964199 214.133698 -31.608200
v 28.787800 214.133698 -38.269001
v 33.402500 214.133698 -34.113400
v 38.354801 218.401398 -28.799299
v 38.358002 215.200607 -29.768101
v 37.397099 226.906601 -25.581301
v 40.796799 226.886093 -20.363701
v 41.845501 218.371399 -23.445299
v 41.851398 215.193207 -24.402399
v 39.432098 287.260712 -12.363200
v 39.237499 272.705505 -14.918100
v 39.896900 306.921692 -9.759800
v 43.459400 306.623688 -4.162700
v 43.051201 287.717010 -6.815300
v 42.820599 272.927612 -9.402400
v 41.657200 328.133392 -9.301700
v 41.150700 339.988312 -11.990400
v 43.014599 343.259796 -10.694800
v 44.593399 339.166107 -7.921500
v 46.954201 337.066803 -3.731600
v 45.040501 324.938904 -3.525900
v 40.584499 344.888611 -13.647200
v 41.312500 345.714203 -13.435700
v 51.690102 389.691986 -11.019900
v 49.186600 378.455811 -11.217100
v 54.270699 402.020599 -10.559500
v 60.193501 405.898895 -3.294700
v 57.280300 392.578186 -4.071300
v 54.302101 380.253601 -4.511500
v 55.583698 423.623505 -15.701800
v 57.136101 424.289886 -13.317800
v 57.518700 428.881805 -13.490000
v 63.898499 433.276306 -5.478200
v 56.213402 447.897797 -8.916000
v 58.321499 449.614899 -7.860800
v 58.303299 451.610413 -7.123300
v 65.500702 458.498993 -0.734800
v 58.982101 457.782898 -5.987200
v 58.432899 463.625793 -5.185100
v 63.921299 474.352203 3.013700
v 65.223198 467.376709 1.923300
v 49.345100 479.157806 -6.199000
v 50.641300 476.646088 -6.490600
v 47.702900 481.342194 -4.896100
v 51.982800 490.279510 1.924700
v 54.117699 488.417297 0.733300
v 55.876202 486.186615 0.514700
v 45.921001 483.595398 -3.457200
v 44.146198 485.828308 -1.954200
v 48.026001 494.119690 4.438700
v 49.940300 492.199890 3.172100
v 42.525200 487.952087 -0.458800
v 41.246899 488.762299 1.366900
v 44.896999 496.587708 7.327600
v 46.275398 495.980103 5.687800
v 40.536098 471.279602 8.497900
v 40.380501 478.674286 8.782200
v 41.890999 461.095093 8.386400
v 45.352600 467.200897 13.828100
v 44.108002 478.179688 14.153300
v 43.965401 486.210907 14.652000
v 45.664101 449.081512 9.684900
v 47.679798 437.743011 10.811200
v 50.969200 442.466003 16.456200
v 48.836700 454.560913 15.068300
v 43.762299 429.583893 10.183100
v 38.046001 427.926605 5.800000
v 39.295700 427.509705 7.802600
v 41.608898 427.360413 10.244900
v 42.198101 426.270599 11.876400
v 43.643101 426.458313 13.253200
v 45.613201 427.696289 17.226500
v 48.159000 433.122192 16.574301
v 15.641900 406.792511 -7.257600
v 15.268900 402.585388 -11.302300
v 11.541000 408.334808 3.708900
v 12.827700 412.048401 3.586200
v 15.210000 400.972412 -6.924000
v 12.606800 404.367096 4.423000
v 9.977200 410.147491 20.548901
v 8.760400 413.869202 19.412100
v 10.126800 417.500305 18.838200
v 25.180901 369.909210 3.547300
v 22.042900 387.696289 5.164100
v 27.813400 348.388306 2.109400
v 30.535101 349.740906 6.497900
v 27.662901 371.329315 9.184100
v 23.825399 389.715088 13.135400
v 27.498501 327.814301 1.840300
v 26.194901 307.441406 1.087300
v 28.630301 308.150696 4.768700
v 30.128799 328.882294 5.673300
v 25.861700 286.524200 -1.802400
v 26.459900 265.321594 -6.649000
v 28.861601 265.525696 -2.926800
v 28.225599 286.943512 1.842500
v 27.950300 244.092804 -13.272800
v 29.492800 227.071701 -19.306499
v 32.171700 227.073700 -15.194000
v 30.485100 244.162292 -9.360200
v 31.975901 214.133698 -25.058800
v 30.859900 215.223404 -23.850599
v 33.343700 214.133698 -26.137100
v 36.378300 214.133698 -21.473801
v 34.885201 214.133698 -20.588100
v 33.666599 215.220306 -19.539301
v 34.711601 214.133698 -27.215401
v 36.079399 214.133698 -28.293800
v 39.364700 214.133698 -23.245300
v 37.871498 214.133698 -22.359600
v 37.447201 214.133698 -29.372101
v 40.857800 214.133698 -24.131001
v 44.620800 218.343796 -17.665100
v 44.629398 215.186203 -18.612000
v 43.498501 226.872696 -14.729900
v 45.462700 226.872192 -8.779000
v 46.639900 218.322098 -11.560500
v 46.651100 215.180801 -12.499100
v 45.946301 288.247009 -0.830500
v 45.674900 273.188995 -3.453300
v 46.342400 306.797913 1.872800
v 48.420799 307.282104 7.734500
v 48.012600 288.838196 4.990100
v 47.703400 273.479889 2.387100
v 47.850300 323.319489 2.692600
v 49.405499 334.920197 2.084300
v 51.419498 333.030090 8.305500
v 49.900501 322.667603 8.730700
v 48.428200 347.009705 -7.478800
v 49.008598 352.954315 -8.262300
v 52.356201 353.037994 -1.602300
v 51.362499 347.815308 -1.562200
v 50.046200 358.789398 -7.935700
v 53.183701 357.167511 -1.127800
v 55.337601 355.864288 5.388500
v 54.701099 353.157501 4.507900
v 53.916401 348.894501 4.803500
v 62.121498 396.087189 3.542300
v 58.717098 382.464508 2.774000
v 65.199203 410.579315 4.686400
v 69.004601 416.258392 12.607400
v 65.956299 400.377014 11.085900
v 62.257900 385.197693 9.979800
v 62.177200 419.081085 -2.249700
v 67.022400 425.401398 6.086700
v 63.438702 428.885986 -1.784300
v 68.386200 436.612213 7.107500
v 72.034401 445.198395 15.927400
v 70.497200 432.693787 14.415600
v 66.136497 445.298615 -3.849800
v 74.014099 453.932495 6.794400
v 72.001801 443.626404 6.782000
v 67.020203 454.905090 -2.952000
v 74.967499 464.297913 7.329900
v 82.493301 475.178802 17.066900
v 81.786102 464.014801 16.678699
v 78.861603 452.910095 16.686001
v 71.269699 477.826996 12.540700
v 71.913803 470.390198 10.356800
v 70.724800 485.496307 14.229700
v 76.350998 496.665497 25.436501
v 75.874702 488.811188 23.256300
v 76.151703 481.496490 20.486300
v 59.003101 500.295898 8.779600
v 61.903099 498.383911 8.742600
v 55.702301 501.768707 9.734300
v 58.527500 514.934814 18.281200
v 62.934502 513.909729 17.636000
v 66.922302 512.354919 17.843201
v 53.193501 503.286713 10.713400
v 51.163200 504.811401 11.696300
v 53.473999 517.052185 19.608000
v 55.592098 515.990173 18.942900
v 49.298100 506.304688 12.662900
v 47.831100 506.646790 14.092000
v 49.982498 518.119080 21.461800
v 51.519100 518.097229 20.263100
v 46.946800 487.006012 20.559299
v 46.842999 495.998901 21.294201
v 48.001801 474.819702 19.975201
v 49.854599 483.669189 26.613899
v 49.017601 497.198486 27.512800
v 48.952599 507.217590 28.523199
v 51.023899 461.178101 21.076200
v 52.839901 447.996887 22.482100
v 53.581001 454.239685 28.799101
v 52.327499 468.785187 27.514700
v 50.276402 437.191498 22.812500
v 46.843700 430.110107 22.588400
v 47.165100 433.231293 28.721300
v 50.759899 441.726105 29.051100
v 7.655800 415.757904 25.644501
v 9.127400 419.394409 24.442801
v 8.810000 412.104187 27.411900
v 8.334200 412.147186 29.807800
v 7.355400 415.826508 27.335501
v 8.937700 419.512512 25.443501
v 29.725201 372.836304 13.650700
v 25.306900 391.228607 17.973801
v 32.792198 351.241089 10.859300
v 34.550900 352.881012 15.313900
v 31.358000 374.441010 17.643600
v 26.473101 392.520599 21.358900
v 32.285599 330.088013 9.833500
v 30.596001 308.954987 8.747100
v 32.061699 309.850311 12.952900
v 33.932201 331.421600 14.250300
v 30.114100 287.420593 5.773800
v 30.771200 265.759094 1.087300
v 32.160599 266.022095 5.321600
v 31.499300 287.954407 9.921900
v 32.498600 244.244797 -5.139000
v 34.301102 227.080505 -10.755000
v 35.849800 227.094696 -6.067700
v 33.961300 244.341995 -0.683900
v 37.198898 214.133698 -15.764300
v 35.898602 215.217499 -14.886900
v 38.791801 214.133698 -16.442101
v 40.548199 214.133698 -11.130800
v 38.882801 214.133698 -10.672400
v 37.522999 215.215500 -9.975800
v 40.384602 214.133698 -17.120001
v 41.977501 214.133698 -17.797899
v 43.879002 214.133698 -12.047800
v 42.213600 214.133698 -11.589300
v 43.570301 214.133698 -18.475800
v 45.544498 214.133698 -12.506300
v 47.862202 218.310104 -5.232900
v 47.875198 215.177795 -6.165700
v 46.650200 226.890305 -2.609700
v 47.047798 226.929703 3.670100
v 48.273800 218.309402 1.207500
v 48.287800 215.177597 0.278300
v 49.145199 289.477997 10.045300
v 48.808800 273.790497 7.576800
v 49.569199 307.914490 12.810600
v 49.833500 309.115601 16.758801
v 49.264801 289.820709 13.944600
v 48.865299 277.843689 11.256500
v 51.004902 322.375214 13.965700
v 52.468399 331.700012 13.711300
v 53.258999 333.592010 17.681499
v 51.623699 325.036804 18.072701
v 55.877899 353.524689 8.986800
v 55.451000 350.243103 10.260300
v 56.396500 355.023285 10.902000
v 56.232800 351.660492 14.191600
v 68.527199 405.605804 17.824800
v 64.750999 388.562103 16.446400
v 71.326401 423.132904 19.691900
v 72.128304 428.679199 25.142000
v 69.605598 409.864288 23.042101
v 65.854599 391.360687 21.480700
v 72.442703 441.128601 22.017900
v 74.333900 454.771515 23.721701
v 74.911301 467.789886 30.914700
v 72.929398 447.822815 27.856501
v 89.078400 475.281708 22.582800
v 85.233200 463.191101 23.011801
v 89.319702 487.431488 23.187300
v 90.293098 491.220612 26.587400
v 91.815300 484.205688 26.545500
v 87.291496 472.625092 26.125601
v 77.790901 500.007111 31.461500
v 78.822304 493.731415 28.690201
v 78.307899 507.467499 33.607899
v 78.051102 513.248291 37.501301
v 77.858398 509.465302 37.218300
v 78.755402 501.235596 35.087601
v 64.844902 528.374390 26.998301
v 69.133904 527.216370 27.466400
v 60.124298 528.902283 27.313601
v 60.603001 543.070129 36.713100
v 65.240700 543.049988 36.727299
v 69.442200 542.297607 37.455399
v 57.047699 529.444885 27.637100
v 54.874401 529.990784 27.962799
v 55.348499 543.106628 36.676300
v 57.541000 543.089111 36.695499
v 52.863998 530.528870 28.284901
v 51.284801 530.183716 29.238501
v 51.725399 542.396484 37.359402
v 53.319000 543.122192 36.657299
v 50.285400 508.197205 34.810398
v 50.233398 519.046021 36.153702
v 50.926998 493.467285 33.530899
v 51.164501 503.704712 40.511902
v 50.718800 519.502197 42.354198
v 50.667900 531.043579 44.107601
v 52.849201 477.234406 34.189800
v 53.481800 461.098602 35.317299
v 52.494801 468.287689 41.311600
v 52.501900 486.147797 40.590302
v 50.254398 446.660309 35.443600
v 46.408401 436.591187 35.007500
v 44.896500 439.599915 41.067001
v 48.907398 451.580414 41.398102
v 6.986900 415.900299 29.414600
v 8.665600 419.636505 26.883600
v 7.778900 412.186798 32.532600
v 7.213000 412.260803 35.292400
v 6.565800 415.991211 31.792801
v 8.282600 419.760590 28.884899
v 32.551899 376.154510 21.859100
v 27.309999 393.875488 24.970400
v 35.777599 354.652191 19.981600
v 36.426201 356.550995 24.790800
v 33.215599 378.041412 26.269501
v 27.725700 395.420197 28.787201
v 35.032200 332.873505 18.852900
v 32.996899 310.832489 17.316700
v 33.386600 311.890808 21.763399
v 35.561901 334.423798 23.560400
v 32.353100 288.543488 14.217000
v 33.001598 266.314911 9.704500
v 33.284801 266.635590 14.159500
v 32.664700 289.182587 18.584801
v 34.843498 244.455704 3.930100
v 36.786400 227.118805 -1.210400
v 37.100498 227.153900 3.732500
v 35.135700 244.585999 8.622400
v 39.902500 214.133698 -5.397600
v 38.506599 215.214600 -4.887800
v 41.611801 214.133698 -5.628800
v 41.970501 214.133698 -0.031400
v 40.246300 214.133698 -0.031400
v 38.838200 215.215103 0.288700
v 43.321201 214.133698 -5.860000
v 45.030602 214.133698 -6.091200
v 45.418800 214.133698 -0.031400
v 43.694599 214.133698 -0.031400
v 46.739899 214.133698 -6.322400
v 47.143002 214.133698 -0.031400
v 47.860901 218.321701 7.650700
v 47.874802 215.180695 6.723000
v 46.642300 226.992599 9.952600
v 45.447399 227.076401 16.129299
v 46.637402 218.345398 13.986000
v 46.650398 215.186600 13.058300
v 42.461700 266.537201 14.292100
v 42.242298 289.356110 19.883301
v 41.136600 290.074402 24.130199
v 41.852100 267.050995 19.800200
v 43.189400 312.162109 23.082800
v 42.172501 313.351105 27.424400
v 41.291901 314.872192 32.998299
v 40.153099 291.011688 29.580601
v 40.783798 267.532288 25.349100
v 46.007301 334.808594 24.962000
v 45.116001 336.532013 29.579100
v 50.105999 356.360291 26.210199
v 49.368401 358.611786 31.163601
v 48.754501 361.446198 37.526501
v 44.361698 338.701691 35.515099
v 54.896000 375.881897 27.516899
v 54.331100 378.585388 32.747398
v 59.512001 394.436401 28.990499
v 58.950500 397.792786 34.464199
v 58.418701 402.154999 41.436001
v 53.862301 382.051910 39.428101
v 63.089001 413.087006 30.740000
v 62.172798 417.574402 36.447701
v 65.292999 432.202087 32.726601
v 63.966999 437.964813 38.622299
v 62.431702 445.403900 46.245399
v 61.157501 423.391602 43.766102
v 65.790001 452.150208 34.911900
v 64.302200 458.998413 40.912601
v 65.961502 471.871704 37.213200
v 64.257004 479.678497 43.342701
v 62.362000 489.730988 51.320400
v 62.594299 467.833710 48.700901
v 67.188797 490.307312 39.548000
v 64.910202 499.007904 45.936901
v 68.904099 507.408813 42.057899
v 66.247803 516.955200 48.825500
v 63.308498 529.075623 57.753201
v 62.451900 510.145508 54.291599
v 70.539703 523.128113 44.884499
v 68.255699 533.489014 52.139000
v 71.672997 532.166077 44.581100
v 70.063698 545.706421 54.435101
v 68.377197 561.124023 65.521500
v 65.376404 546.519714 61.843498
v 64.628403 557.296082 46.683701
v 68.751602 556.927612 47.653198
v 60.073700 556.836914 46.361099
v 58.450001 569.682617 56.222801
v 62.603500 570.543518 56.848301
v 67.449799 571.198730 58.171600
v 57.052799 556.361023 46.018002
v 54.880199 555.878296 45.664101
v 53.486500 567.877380 54.868900
v 55.601601 568.787476 55.556900
v 52.870201 555.398926 45.309399
v 51.291302 554.313171 45.761902
v 49.996601 565.575989 54.376900
v 51.532902 566.971680 54.176998
v 50.286598 530.613892 50.046101
v 50.238602 542.769287 52.306999
v 50.512501 513.871887 47.342999
v 49.055000 523.663879 54.098099
v 49.003899 541.196716 57.797901
v 48.959801 553.878784 60.673500
v 51.198200 495.147400 46.205101
v 50.573002 475.520905 46.056900
v 48.147900 482.694794 50.470100
v 49.226200 503.998413 51.621700
v 46.866100 456.072815 46.322701
v 42.952702 441.667511 46.519798
v 40.718102 443.095612 51.330502
v 44.450901 460.248199 50.744999
v 6.107800 416.111115 34.381100
v 7.760100 419.879395 31.569201
v 6.705500 412.407196 37.793301
v 6.259900 412.696686 39.905602
v 5.644200 416.322693 37.000702
v 7.146200 420.028412 34.711102
v 33.257900 380.166687 30.846901
v 27.628799 397.281891 32.788601
v 36.451099 358.573486 29.669500
v 35.836201 360.650391 34.534500
v 32.657799 382.369598 35.542999
v 26.982700 399.246704 36.945000
v 35.497799 336.053101 28.291599
v 33.215900 313.014313 26.217501
v 32.486099 314.183502 30.602800
v 34.832600 337.730286 32.960701
v 32.423401 289.866486 22.951000
v 33.000702 266.981903 18.610100
v 32.134998 267.348206 22.980301
v 31.636000 290.583893 27.242001
v 34.828098 244.732697 13.312500
v 36.781502 227.200699 8.676400
v 35.673401 227.257706 13.536300
v 33.835899 244.893097 17.919800
v 39.902500 214.133698 5.334800
v 38.506401 215.217194 5.465500
v 41.611801 214.133698 5.566000
v 40.524399 214.133698 11.068000
v 38.787399 214.133698 10.609500
v 37.355701 215.220596 10.554300
v 43.321201 214.133698 5.797200
v 45.030602 214.133698 6.028400
v 43.879002 214.133698 11.985000
v 42.213600 214.133698 11.526500
v 46.739899 214.133698 6.259600
v 45.544498 214.133698 12.443500
v 44.617199 218.378998 20.102501
v 44.628502 215.195099 19.174299
v 43.476700 227.178101 22.091499
v 40.770000 227.290802 27.738199
v 41.841099 218.418701 25.896900
v 41.850300 215.205002 24.968201
v 38.486500 291.994995 34.842602
v 39.020000 268.042908 30.697701
v 39.705399 316.449799 38.390400
v 37.434502 318.043488 43.509102
v 36.165501 292.999786 39.829800
v 36.596298 268.569092 35.757401
v 42.835499 340.915710 41.261700
v 47.256401 364.328705 43.673500
v 44.884899 367.166412 49.510700
v 40.553600 343.114502 46.711300
v 52.347900 385.625000 45.842701
v 56.706600 406.597900 48.126801
v 53.828201 410.913208 54.578602
v 49.790199 389.152893 51.981701
v 58.928902 429.040588 50.883400
v 59.718700 452.410187 53.713001
v 55.942699 458.741913 60.876301
v 55.557400 434.286896 57.755699
v 59.779598 476.163910 56.216301
v 59.552700 499.230896 58.898399
v 55.812500 507.935699 65.964897
v 55.948601 483.746094 63.303699
v 59.478802 520.540527 62.264400
v 59.900600 540.167419 66.425201
v 55.888401 549.969788 74.804604
v 55.771599 529.946899 69.786903
v 61.160801 558.185974 71.491898
v 62.878399 571.186218 75.648300
v 56.839199 583.466797 86.375000
v 56.225498 568.194885 81.053001
v 58.761101 582.222229 67.201698
v 61.816399 583.210083 68.147202
v 55.645500 581.086975 66.263397
v 51.923100 590.754395 76.405296
v 53.979698 592.022888 77.683197
v 56.021400 593.191772 79.139000
v 53.205898 579.895508 65.264999
v 51.184200 578.674988 64.233597
v 48.025902 588.004028 73.653801
v 49.921501 589.403625 75.049797
v 49.322201 577.453125 63.196098
v 47.855301 575.826782 63.135300
v 44.914299 584.821228 71.918800
v 46.287300 586.589417 72.253899
v 46.886101 550.914673 65.521400
v 46.846001 564.027771 69.128502
v 46.876202 532.775879 60.851299
v 43.962002 541.051025 67.454201
v 43.977798 559.584412 73.125504
v 43.943600 572.987793 77.556702
v 46.873501 512.465820 57.427299
v 45.651100 489.705688 55.468102
v 42.755299 496.400787 60.532200
v 43.955002 520.353271 63.238098
v 41.982101 464.217499 55.192600
v 38.334400 444.185791 55.464100
v 35.585499 445.354614 58.972099
v 39.161098 468.103088 59.391602
v 5.206700 416.688812 39.472698
v 6.489200 420.243591 38.085300
v 5.879600 413.199707 41.499699
v 5.516100 413.810913 42.852299
v 4.761700 417.106903 41.901299
v 5.796800 420.440796 41.607101
v 31.394199 384.489594 40.309502
v 25.750999 401.100891 41.226700
v 34.565498 362.711914 39.302601
v 32.667599 364.704407 43.869999
v 29.566099 386.467896 45.006199
v 24.090700 402.785400 45.515099
v 33.558800 339.424805 37.481701
v 31.198601 315.378510 34.843201
v 29.329201 316.570496 38.866600
v 31.663799 341.093994 41.771900
v 30.309299 291.323486 31.384001
v 30.673700 267.728912 27.194201
v 28.708900 268.114502 31.181801
v 28.438101 292.067596 35.308601
v 32.074600 245.064194 22.363899
v 33.620201 227.323105 18.227400
v 31.153900 227.393204 22.670401
v 29.860500 245.240494 26.570400
v 36.817402 214.133698 15.701400
v 35.230499 215.225098 15.466800
v 38.696400 214.133698 16.379299
v 36.235298 214.133698 21.410999
v 34.312901 214.133698 20.525299
v 32.664501 215.230301 20.120600
v 40.384602 214.133698 17.057199
v 41.977501 214.133698 17.735100
v 39.364700 214.133698 23.182501
v 37.871498 214.133698 22.296700
v 43.570301 214.133698 18.412901
v 40.857800 214.133698 24.068199
v 38.349899 218.460800 31.266100
v 38.356800 215.215500 30.337700
v 37.367100 227.407303 32.968300
v 33.331299 227.519501 37.831200
v 34.208801 218.501205 36.121700
v 34.213699 215.225601 35.194698
v 33.219101 294.001587 44.455898
v 33.548100 269.097412 40.439400
v 34.500801 319.612793 48.263100
v 30.945801 321.096985 53.502399
v 29.697300 294.957886 49.676201
v 29.931999 269.604095 45.602200
v 37.532600 345.238312 51.756100
v 41.650700 369.865997 54.943901
v 37.589699 372.313110 60.386002
v 33.803101 347.217987 57.038399
v 46.191200 392.483398 57.835400
v 49.797699 414.892792 60.833099
v 44.728298 418.227814 67.005203
v 41.626301 395.374603 63.647400
v 51.113602 438.896393 64.339203
v 51.218300 464.157013 67.586502
v 45.645302 468.643890 73.788200
v 45.711201 442.698608 70.642097
v 51.191502 490.337494 69.807800
v 51.125099 515.602905 72.407700
v 45.580200 522.163696 78.183197
v 45.601002 495.920685 75.673401
v 51.111099 538.118408 76.790703
v 51.136101 558.222473 82.854301
v 45.622799 564.932617 90.434601
v 45.584999 545.007629 83.203499
v 51.186901 576.253479 90.496101
v 51.281300 589.324829 96.472900
v 45.820702 594.939209 106.807602
v 45.701401 582.419189 99.576797
v 49.137600 599.636475 88.232201
v 50.396400 599.908386 90.232399
v 47.545799 598.388794 86.571198
v 42.471401 604.042786 96.441399
v 43.883801 605.138977 98.501900
v 45.006100 605.293213 100.811096
v 45.804100 597.030212 84.819199
v 44.063999 595.597229 83.025101
v 39.419601 601.445129 92.070801
v 40.914501 602.805786 94.276299
v 42.477402 594.126526 81.237801
v 41.220299 592.315186 80.609001
v 37.195099 598.170105 88.960899
v 38.193699 599.977722 89.889397
v 40.323700 567.021973 80.518799
v 40.299301 580.530212 85.842499
v 40.298500 548.332520 73.758598
v 35.952202 554.568420 79.643898
v 35.987202 573.197815 87.523903
v 35.973900 586.629028 93.761200
v 40.285801 527.464905 68.670403
v 39.133400 502.627197 65.143799
v 34.865299 508.210602 69.357002
v 35.933998 533.691406 73.649803
v 35.689400 472.027313 63.068100
v 32.255402 447.018188 61.906399
v 28.492901 448.928986 64.919701
v 31.678600 475.769806 66.580704
v 4.276200 417.474609 44.390099
v 5.076800 420.536285 45.192001
v 5.121000 414.424500 44.240200
v 4.699600 414.989990 45.773102
v 3.784700 417.803986 46.912102
v 4.357400 420.596008 48.688599
v 27.272699 388.245605 49.493000
v 22.158701 404.240814 49.691200
v 30.170900 366.573914 48.132500
v 27.111799 368.276794 52.172001
v 24.518400 389.803986 53.674000
v 19.916100 405.463013 53.589901
v 29.134899 342.695496 45.749001
v 26.853800 317.730408 42.601002
v 23.852200 318.817505 46.473099
v 26.044300 344.180908 49.678299
v 26.017000 292.798492 38.947102
v 26.333000 268.495300 34.873100
v 23.449800 268.855713 38.782200
v 23.071899 293.488098 42.836601
v 27.510099 245.416397 30.464600
v 28.806801 227.464294 26.786501
v 26.115400 227.532104 30.593100
v 24.732800 245.583496 34.323299
v 31.594400 214.133698 24.995899
v 30.191500 215.235703 24.433599
v 33.248299 214.133698 26.074301
v 29.721100 214.133698 30.292801
v 28.430401 214.133698 29.040199
v 27.363600 215.240906 28.334999
v 34.711498 214.133698 27.152599
v 36.079399 214.133698 28.231001
v 32.183300 214.133698 32.798000
v 30.964100 214.133698 31.545401
v 37.447201 214.133698 29.309299
v 33.402500 214.133698 34.050598
v 29.483000 218.536301 40.375702
v 29.486401 215.234406 39.451199
v 28.726299 227.619095 42.376499
v 23.635500 227.702103 46.334999
v 24.258101 218.564194 43.961201
v 24.260401 215.241302 43.040100
v 25.650101 295.826111 56.445999
v 25.804300 270.065613 52.104198
v 26.811001 322.435394 60.077499
v 22.167101 323.580109 68.901497
v 21.149000 296.575714 64.452904
v 21.239500 270.465088 58.802700
v 29.395599 348.984314 63.200699
v 32.737598 374.393585 66.250298
v 27.182501 376.174286 74.930496
v 24.383200 350.471985 72.076698
v 36.170502 397.584198 69.661003
v 38.733101 420.609589 73.209602
v 31.963900 422.977112 81.830704
v 29.950399 399.609985 78.415199
v 39.464100 445.523193 76.672600
v 39.323200 472.190887 79.425797
v 32.347698 475.783295 86.018402
v 32.500401 448.473785 84.476997
v 39.269699 500.478607 80.844803
v 39.267601 527.549622 83.247803
v 32.295601 531.940613 87.757797
v 32.293701 504.588593 86.119598
v 39.281101 550.566772 88.952904
v 39.327599 570.107727 97.405602
v 32.415699 573.940918 103.526901
v 32.310799 554.889587 93.910599
v 39.425098 586.749573 108.051201
v 39.559502 598.458313 116.521004
v 32.990799 600.380310 125.152100
v 32.686901 589.599426 115.555603
v 37.867401 608.607300 108.146004
v 38.833599 608.559326 110.758003
v 36.657799 607.768799 105.696297
v 30.250299 609.977478 114.004303
v 31.404100 610.515503 116.713997
v 32.365601 610.231079 119.595596
v 35.313499 606.760376 103.124100
v 34.213699 605.537720 100.513901
v 28.348700 608.210083 108.682999
v 29.088499 609.244812 111.321198
v 33.737499 604.056396 97.950203
v 33.260300 602.247375 96.728996
v 28.400999 604.995728 104.751503
v 28.460899 606.766479 106.108398
v 31.031799 578.081909 93.963097
v 31.028400 591.258606 101.088303
v 30.989599 559.706482 84.989601
v 25.499599 563.789307 89.571701
v 25.542999 581.793701 99.334702
v 25.545500 594.607300 107.177399
v 30.968300 538.923584 78.101997
v 30.030800 512.976929 73.226097
v 24.704201 516.867126 76.591698
v 25.478399 543.160706 81.926300
v 27.239799 479.110107 70.287903
v 24.447100 450.839111 68.665199
v 20.097700 452.453094 72.431999
v 22.401899 481.867798 73.760696
v 3.322200 418.107086 49.440102
v 3.667100 420.686188 51.945499
v 4.257200 415.456512 47.560501
v 3.819500 415.822296 49.377300
v 2.913700 418.382507 51.749599
v 3.058900 420.817993 54.750801
v 21.307600 391.124115 57.453701
v 17.323700 406.447906 57.045700
v 23.526600 369.769714 56.070202
v 19.474001 371.015015 60.153500
v 17.672400 392.194885 61.092899
v 14.401500 407.212585 60.135502
v 22.464600 345.501801 53.825298
v 20.404301 319.791199 50.909698
v 16.630301 320.624115 55.731701
v 18.471600 346.619812 58.306702
v 19.628099 294.108307 47.514000
v 19.963499 269.179993 43.423302
v 16.195601 269.459595 48.376701
v 15.915200 294.642212 52.607700
v 21.238300 245.733200 38.422699
v 22.616199 227.591995 34.107601
v 18.580900 227.642105 37.220600
v 17.340599 245.861603 42.480900
v 24.589500 214.133698 32.584801
v 23.732700 215.245407 31.754299
v 25.639000 214.133698 33.990200
v 21.100201 214.133698 37.108002
v 20.238199 214.133698 35.573898
v 19.534401 215.248993 34.637402
v 26.688601 214.133698 35.395500
v 27.738199 214.133698 36.800800
v 22.824400 214.133698 40.176201
v 21.962299 214.133698 38.642101
v 28.787800 214.133698 38.206200
v 23.686501 214.133698 41.710300
v 18.619499 218.583405 46.811298
v 18.621401 215.246094 45.894001
v 18.142200 227.764099 49.437801
v 12.344100 227.806595 51.649399
v 12.667500 218.595093 48.884499
v 12.669000 215.249100 47.970798
v 16.265301 297.175690 73.384499
v 16.311600 270.786102 64.554604
v 17.084900 324.483185 80.887703
v 11.664600 325.149689 91.253700
v 11.089000 297.622589 80.614403
v 11.108000 271.025513 68.697304
v 18.838699 351.615997 85.500000
v 21.012600 377.722107 88.820702
v 14.366400 378.916595 101.402298
v 12.881100 352.446991 97.469498
v 23.092199 401.949402 92.448799
v 24.572399 426.269592 95.252998
v 16.715401 429.247711 107.375099
v 15.748800 403.961212 105.192200
v 24.947901 452.654510 96.101402
v 24.814800 480.406494 95.085098
v 16.859400 484.478088 103.023499
v 16.953800 456.443115 106.487000
v 24.769300 508.828094 92.295097
v 24.772499 535.516724 91.869904
v 16.830500 538.115112 95.055298
v 16.827801 512.283630 97.480499
v 24.785500 558.069580 97.948303
v 25.052000 576.625183 108.557899
v 17.173100 578.500122 112.474297
v 16.839399 560.227905 100.945198
v 25.815500 591.322571 121.726501
v 26.608101 601.203674 132.239594
v 19.965799 601.539795 137.664307
v 18.150499 592.809326 126.966797
v 24.809500 611.338379 123.755302
v 26.088699 610.832825 126.845901
v 23.394199 611.079895 121.033997
v 16.629999 611.378296 127.332100
v 18.159300 611.403687 129.896194
v 19.622400 610.734314 132.923294
v 22.326700 610.609375 118.825798
v 21.727301 609.796814 116.906700
v 13.964600 610.710022 125.381203
v 15.717300 611.137512 125.598900
v 21.716000 608.512024 115.052498
v 21.602800 606.863770 113.866302
v 14.091900 607.916992 121.999702
v 14.355900 609.424316 123.109703
v 19.606400 584.452820 103.137001
v 19.608000 596.863525 111.381798
v 19.571100 566.859070 93.166000
v 13.311100 568.985779 95.820999
v 13.334100 586.209106 105.894402
v 13.348300 598.257202 114.463402
v 19.554100 546.401672 85.022301
v 18.959999 519.822327 79.294296
v 12.898100 521.884827 81.279297
v 13.300100 548.682678 87.309196
v 17.193501 483.862305 76.570099
v 15.424500 453.476013 75.509804
v 10.502700 454.033905 77.813400
v 11.702000 485.177185 78.651604
v 2.584100 418.628998 53.616299
v 2.586100 421.002899 56.892799
v 3.412100 416.085388 50.998299
v 2.561700 416.262299 52.221699
v 2.005600 418.788208 54.859100
v 2.057800 421.108307 58.189899
v 13.644300 393.005096 64.852303
v 11.169500 407.773987 62.936199
v 15.012900 371.975494 64.748497
v 10.249200 372.665985 68.582397
v 9.327300 393.575714 67.926498
v 7.665600 408.156189 65.130203
v 14.141200 347.496399 63.239300
v 12.650700 321.288696 60.760101
v 8.546600 321.779602 64.758598
v 9.590400 348.135498 67.279701
v 12.162900 295.072906 57.746201
v 12.467500 269.685913 53.223000
v 8.620200 269.854706 56.962799
v 8.313700 295.393585 61.759499
v 13.354200 245.964401 46.215599
v 14.281500 227.680206 39.822102
v 9.755300 227.706802 41.743698
v 9.194400 246.040298 49.048801
v 15.543000 214.133698 37.951000
v 15.004300 215.251495 36.930099
v 16.202801 214.133698 39.587601
v 11.033300 214.133698 41.392200
v 10.587000 214.133698 39.681099
v 10.222500 215.253006 38.598598
v 16.862600 214.133698 41.224098
v 17.522400 214.133698 42.860699
v 11.925800 214.133698 44.814400
v 11.479500 214.133698 43.103298
v 18.182199 214.133698 44.497200
v 12.372000 214.133698 46.525398
v 6.502100 218.600494 50.139500
v 6.502900 215.250397 49.228199
v 6.338900 227.830902 52.934101
v 0.230000 227.838501 53.344799
v 0.230000 218.601593 50.562401
v 0.230000 215.250702 49.652199
v 5.710200 297.912811 83.516197
v 5.716100 271.180389 70.568199
v 6.006700 325.584808 95.216797
v 0.230000 325.744507 95.597603
v 0.230000 298.018707 83.885101
v 0.230000 271.236694 70.935699
v 6.629100 352.995209 101.983803
v 7.382600 379.637299 106.156898
v 0.230000 379.879089 106.577499
v 0.230000 353.198700 102.377098
v 8.072600 405.003906 110.075600
v 8.549900 430.671906 112.096199
v 0.230000 430.995605 112.606400
v 0.230000 405.283112 110.552399
v 8.665500 458.217804 110.574699
v 8.616600 486.416199 106.231102
v 0.230000 486.851807 106.652100
v 0.230000 458.601715 111.044098
v 8.600400 514.041626 99.785103
v 8.601900 539.572083 96.785400
v 0.230000 540.015381 97.286598
v 0.230000 514.496216 100.217201
v 8.606400 561.485779 102.780502
v 8.715600 579.904419 115.251503
v 0.222700 579.934326 115.400703
v 0.230000 561.889709 103.407799
v 9.031400 594.949585 131.679306
v 12.618200 601.999573 141.306702
v 8.251900 603.383484 143.403397
v 4.904900 601.843811 141.176193
v 0.166300 601.568481 139.893906
v 0.200600 593.964478 130.085098
v 5.733500 610.796021 137.650696
v 3.070100 610.565918 138.223602
v 2.569500 610.221375 140.598404
v 5.979200 610.545288 139.836594
v -0.017100 610.490479 138.016907
v 0.118500 610.112976 140.081894
v 0.133300 609.338684 141.384903
v 2.747400 609.455994 142.014099
v 6.465800 609.795471 141.654007
v 8.529600 610.948914 132.713699
v 8.525200 610.949707 131.533997
v 4.870300 610.789124 134.547195
v 6.005600 610.880005 135.146393
v 6.755600 610.576172 130.820602
v 0.075600 610.513672 132.726807
v -0.387500 610.755188 135.127701
v 7.233500 609.634888 128.607407
v 7.094800 608.221191 127.078003
v 0.323300 608.186096 128.853394
v 0.230000 609.564697 130.716400
v 6.838000 587.213074 108.131203
v 6.898800 599.018311 117.183899
v 6.826700 570.239685 97.585098
v 0.230000 570.648315 98.244499
v 0.230000 587.527100 109.119499
v 0.323300 599.240723 118.453796
v 6.821300 550.039612 88.706001
v 6.618500 523.096985 82.491898
v 0.230000 523.490173 82.905296
v 0.230000 550.486816 89.181801
v 6.014900 485.896088 79.941101
v 5.407500 454.253510 79.258102
v 0.225500 454.277893 79.766701
v 0.230000 486.106110 80.388298
v 0.849900 418.801788 55.296799
v 1.283200 421.002014 58.460602
v 0.795300 416.369385 52.845600
v -1.004600 416.405304 53.037998
v -0.257500 418.772186 55.341301
v 0.617300 420.895691 58.361900
v 4.825000 393.927887 69.509903
v 3.927900 408.382904 66.399696
v 5.288800 373.101288 70.382797
v 0.228900 373.255096 70.774498
v 0.230000 394.049408 69.928902
v 0.115800 408.457397 66.806801
v 4.936100 348.540894 69.084602
v 4.399200 322.091400 66.490898
v 0.223400 322.202515 66.790497
v 0.225600 348.685211 69.428101
v 4.310400 295.597504 63.477299
v 4.494700 269.962006 58.596802
v 0.228900 270.000214 58.887402
v 0.225600 295.670288 63.762402
v 4.776700 246.087601 50.402302
v 5.039900 227.722198 42.816399
v 0.230100 227.727203 43.140499
v 0.230000 246.104202 50.709099
v 5.453000 214.133698 40.728802
v 5.269200 215.253693 39.608898
v 5.678100 214.133698 42.485001
v 0.230000 214.133698 42.853401
v 0.230000 214.133698 41.082001
v 0.230000 215.253906 39.949501
v 5.903100 214.133698 44.241199
v 6.128100 214.133698 45.997501
v 0.230000 214.133698 46.396301
v 0.230000 214.133698 44.624901
v 6.353200 214.133698 47.753700
v 0.230000 214.133698 48.167801
v -6.042000 218.600494 50.139500
v -6.042900 215.250397 49.228199
v -5.878800 227.830902 52.934101
v -11.884000 227.806595 51.649300
v -12.207400 218.595093 48.884499
v -12.208900 215.249100 47.970699
v -5.250100 297.912811 83.516197
v -5.256000 271.180389 70.568199
v -5.546700 325.584808 95.216797
v -11.204600 325.149689 91.253601
v -10.629000 297.622589 80.614403
v -10.647900 271.025513 68.697304
v -6.169100 352.995209 101.983803
v -6.922600 379.637207 106.156898
v -13.906400 378.916595 101.402298
v -12.421100 352.446899 97.469498
v -7.612500 405.003906 110.075600
v -8.089800 430.671997 112.096199
v -16.255400 429.247589 107.375397
v -15.288700 403.961212 105.192200
v -8.205400 458.217804 110.574699
v -8.156600 486.416199 106.231003
v -16.399401 484.477509 103.025101
v -16.493799 456.442688 106.488098
v -8.140300 514.041626 99.785103
v -8.141900 539.572083 96.785400
v -16.370501 538.114929 95.055603
v -16.367701 512.283203 97.481598
v -8.146400 561.485779 102.780502
v -8.285000 579.905212 115.252502
v -16.720501 578.500183 112.474503
v -16.379400 560.227905 100.945198
v -8.688900 594.952515 131.683502
v -4.699900 601.849976 141.181503
v -8.145400 603.392273 143.405807
v -12.413200 602.005920 141.311996
v -19.569500 601.541382 137.665604
v -17.719900 592.810120 126.967796
v -6.358100 610.823425 137.015793
v -9.757000 611.177673 133.486694
v -11.515000 611.083130 135.485397
v -6.187900 610.610779 139.420303
v -16.099701 611.379028 127.342300
v -17.810801 611.414673 129.826797
v -19.259001 610.744202 132.877197
v -12.512700 610.344788 138.057205
v -6.585700 609.855225 141.377594
v -6.880300 610.992371 132.793396
v -3.598400 610.649170 137.528305
v -6.913100 610.627075 130.382095
v -14.179000 610.526428 124.401001
v -14.605100 611.107605 125.896896
v -6.773500 609.634888 128.607407
v -6.510300 608.221191 127.078003
v -13.600800 607.916992 121.999702
v -13.895900 609.424316 123.109703
v -6.378000 587.213074 108.131203
v -6.314400 599.018311 117.183899
v -6.366600 570.239502 97.585098
v -12.851100 568.985596 95.820999
v -12.874100 586.209106 105.894402
v -12.857200 598.257080 114.463402
v -6.361300 550.038879 88.706001
v -6.158500 523.095825 82.492401
v -12.438100 521.881470 81.280800
v -12.840100 548.681519 87.309196
v -5.554900 485.894287 79.943199
v -4.956400 454.250214 79.262199
v -10.051600 454.022308 77.824501
v -11.242000 485.170013 78.657898
v -0.690800 418.801788 55.404400
v 0.414900 421.001495 58.550301
v -1.955500 416.369110 52.966900
v -2.459200 416.261810 52.436901
v -0.847700 418.788208 55.049702
v 0.302700 421.107513 58.350101
v -4.364900 393.927887 69.509903
v -3.610900 408.382690 66.413498
v -4.833200 373.101288 70.382797
v -9.813200 372.665802 68.582703
v -8.867200 393.575012 67.927498
v -7.221900 408.154510 65.156898
v -4.493800 348.540894 69.084602
v -3.965800 322.091400 66.490898
v -8.229400 321.779602 64.758598
v -9.226400 348.135498 67.279701
v -3.868200 295.597504 63.477299
v -4.039100 269.962006 58.596802
v -8.162300 269.854706 56.962799
v -7.944700 295.393585 61.759499
v -4.316600 246.087601 50.402302
v -4.579800 227.722198 42.816399
v -9.193700 227.706802 41.743698
v -8.672000 246.040298 49.048901
v -4.992900 214.133698 40.728802
v -4.809100 215.253693 39.608898
v -5.218000 214.133698 42.485001
v -10.558800 214.133698 41.392200
v -10.069600 214.133698 39.681099
v -9.662200 215.253006 38.598598
v -5.443000 214.133698 44.241199
v -5.668100 214.133698 45.997398
v -11.465700 214.133698 44.814400
v -11.019400 214.133698 43.103298
v -5.893100 214.133698 47.753700
v -11.911900 214.133698 46.525398
v -18.159401 218.583405 46.811298
v -18.161301 215.246094 45.894001
v -17.682100 227.764099 49.437801
v -23.175400 227.702103 46.334999
v -23.798000 218.564194 43.961201
v -23.800301 215.241302 43.040100
v -15.805300 297.175690 73.384499
v -15.851500 270.786102 64.554604
v -16.624800 324.483185 80.887703
v -21.707001 323.580109 68.901497
v -20.688999 296.575714 64.452904
v -20.779400 270.465088 58.802700
v -18.378700 351.615997 85.500000
v -20.552601 377.721985 88.820602
v -26.722500 376.174194 74.930496
v -23.923100 350.471985 72.076599
v -22.632200 401.949402 92.448799
v -24.112301 426.269196 95.253998
v -31.503799 422.976196 81.832703
v -29.490299 399.609985 78.415199
v -24.487801 452.652710 96.105698
v -24.354799 480.403687 95.091599
v -31.887699 475.777710 86.029900
v -32.040298 448.470215 84.484596
v -24.309299 508.826294 92.299400
v -24.312500 535.516174 91.871002
v -31.835600 531.939575 87.759697
v -31.833599 504.584991 86.127197
v -24.325500 558.069519 97.948303
v -24.591999 576.625183 108.557899
v -31.955700 573.940674 103.526802
v -31.850700 554.889526 93.910599
v -25.355499 591.322510 121.726501
v -26.148100 601.203674 132.239594
v -32.530800 600.380371 125.152000
v -32.226898 589.599182 115.555603
v -24.349600 611.338379 123.755203
v -25.628700 610.832825 126.845901
v -22.934200 611.080017 121.033897
v -29.790300 609.977478 114.004303
v -30.944099 610.515503 116.713898
v -31.905600 610.231079 119.595497
v -21.866800 610.609375 118.825798
v -21.267300 609.796814 116.906700
v -27.888700 608.210022 108.682999
v -28.628500 609.244629 111.321198
v -21.256001 608.512024 115.052498
v -21.142799 606.863586 113.866302
v -27.941000 604.995605 104.751404
v -28.000900 606.766418 106.108398
v -19.146400 584.452576 103.137001
v -19.148001 596.863525 111.381798
v -19.111099 566.858521 93.166000
v -25.039600 563.788513 89.571701
v -25.083000 581.793579 99.334602
v -25.085400 594.607300 107.177299
v -19.094101 546.399780 85.022400
v -18.500000 519.814880 79.297997
v -24.244200 516.855286 76.597603
v -25.018400 543.157715 81.926598
v -16.733500 483.842590 76.584503
v -14.973400 453.445801 75.533699
v -19.634001 452.404510 72.488403
v -21.941900 481.835388 73.783302
v -1.125500 418.628998 53.840801
v -0.092900 421.001709 57.085701
v -2.917600 416.084808 51.252800
v -3.371000 415.821503 49.644100
v -1.508900 418.382385 51.984501
v -0.684300 420.816589 54.958599
v -13.184300 393.002014 64.856201
v -10.686800 407.768707 62.974201
v -14.626700 371.974701 64.749496
v -19.126499 371.013611 60.155300
v -17.212299 392.189392 61.099899
v -13.924000 407.203491 60.182598
v -13.976400 347.496399 63.239300
v -12.628400 321.288696 60.760101
v -16.823601 320.623993 55.731701
v -18.461700 346.619812 58.306702
v -11.978000 295.072906 57.746201
v -11.993800 269.685913 53.223000
v -15.635400 269.459595 48.376701
v -15.817900 294.642212 52.607700
v -12.645000 245.964401 46.215599
v -13.415500 227.680206 39.822102
v -17.527700 227.642105 37.220501
v -16.466700 245.861603 42.480900
v -14.853900 214.133698 37.951000
v -14.143300 215.251495 36.930099
v -15.685500 214.133698 39.587502
v -20.558500 214.133698 37.107899
v -19.451599 214.133698 35.573799
v -18.502899 215.248993 34.637299
v -16.402500 214.133698 41.224098
v -17.062300 214.133698 42.860600
v -22.364300 214.133698 40.176201
v -21.502199 214.133698 38.642101
v -17.722099 214.133698 44.497200
v -23.226400 214.133698 41.710300
v -29.022900 218.536301 40.375702
v -29.026300 215.234406 39.451199
v -28.266199 227.619095 42.376400
v -32.871201 227.519501 37.831200
v -33.748699 218.501205 36.121700
v -33.753601 215.225601 35.194599
v -25.190001 295.826202 56.445999
v -25.344299 270.065613 52.104198
v -26.350901 322.435394 60.077499
v -30.485701 321.096985 53.502399
v -29.237200 294.957886 49.676201
v -29.471901 269.604095 45.602100
v -28.935600 348.984314 63.200699
v -32.277500 374.393585 66.250198
v -37.129601 372.313110 60.386002
v -33.342999 347.217987 57.038300
v -35.710499 397.584198 69.661003
v -38.272999 420.608185 73.211899
v -44.268200 418.226013 67.007599
v -41.166199 395.374512 63.647400
v -39.004101 445.517395 76.681801
v -38.863098 472.182190 79.439499
v -45.185299 468.632599 73.802299
v -45.251099 442.691101 70.651604
v -38.809601 500.472900 80.853897
v -38.807598 527.548096 83.250000
v -45.120201 522.161682 78.185501
v -45.140999 495.913086 75.682701
v -38.820999 550.566772 88.952904
v -38.867599 570.107605 97.405602
v -45.162800 564.932617 90.434601
v -45.125000 545.007385 83.203499
v -38.965099 586.749573 108.051201
v -39.099499 598.458191 116.521004
v -45.360699 594.939209 106.807602
v -45.241402 582.419189 99.576797
v -37.407398 608.607300 108.146004
v -38.373600 608.559326 110.758003
v -36.197800 607.768677 105.696297
v -42.011398 604.042725 96.441399
v -43.423698 605.138977 98.501900
v -44.546001 605.293213 100.810997
v -34.853500 606.760315 103.124100
v -33.753700 605.537598 100.513901
v -38.959599 601.444885 92.070702
v -40.454399 602.805725 94.276199
v -33.277500 604.056274 97.950104
v -32.800201 602.247375 96.728996
v -36.735100 598.170105 88.960800
v -37.733601 599.977722 89.889397
v -30.571800 578.081787 93.962997
v -30.568300 591.258606 101.088303
v -30.529600 559.705383 84.989700
v -35.492199 554.566895 79.644203
v -35.527199 573.197815 87.523903
v -35.513901 586.629089 93.761200
v -30.508301 538.919312 78.102501
v -29.570700 512.961914 73.233398
v -34.375301 508.192688 69.320801
v -35.473999 533.685303 73.651199
v -26.779800 479.071503 70.314201
v -23.945601 450.782501 68.787498
v -27.753799 448.870789 64.773499
v -31.098700 475.728699 66.429298
v -1.982300 418.107086 49.687401
v -1.383800 420.684509 52.170399
v -3.859600 415.455597 47.840401
v -4.326800 414.988892 46.061001
v -2.500800 417.803986 47.170300
v -2.155900 420.594208 48.932400
v -20.847601 391.117493 57.462299
v -16.851601 406.437012 57.099602
v -23.165501 369.768005 56.072300
v -26.713499 368.275085 52.174301
v -24.058300 389.796997 53.683300
v -19.445400 405.451385 53.648102
v -22.400299 345.501801 53.825298
v -20.475500 319.791107 50.909698
v -23.693899 318.817505 46.473099
v -25.831100 344.180908 49.678299
v -19.314600 294.108185 47.514000
v -19.188499 269.179993 43.423302
v -22.693899 268.855713 38.782200
v -22.584400 293.488098 42.836601
v -20.368401 245.733200 38.422699
v -21.812700 227.591995 34.107601
v -25.963200 227.532104 30.593000
v -24.213699 245.583496 34.323200
v -23.968800 214.133698 32.584801
v -22.991501 215.245407 31.754299
v -25.138800 214.133698 33.990200
v -29.314800 214.133698 30.292700
v -28.185499 214.133698 29.040100
v -27.280001 215.240906 28.334999
v -26.228500 214.133698 35.395500
v -27.278099 214.133698 36.800800
v -31.723200 214.133698 32.797901
v -30.504000 214.133698 31.545300
v -28.327700 214.133698 38.206100
v -32.942402 214.133698 34.050499
v -37.889801 218.460800 31.266001
v -37.896702 215.215500 30.337601
v -36.907001 227.407303 32.968201
v -40.309898 227.290802 27.738100
v -41.381001 218.418701 25.896900
v -41.390099 215.205002 24.968201
v -32.758999 294.001587 44.455898
v -33.088001 269.097412 40.439400
v -34.040699 319.612793 48.263000
v -36.974400 318.043488 43.509102
v -35.705399 292.999786 39.829800
v -36.136200 268.569092 35.757401
v -37.072498 345.238312 51.756001
v -41.190701 369.865906 54.943901
v -44.424801 367.166412 49.510799
v -40.093498 343.114410 46.711300
v -45.731201 392.483307 57.835602
v -49.337601 414.890594 60.835701
v -53.368099 410.911011 54.581100
v -49.330200 389.152710 51.981998
v -50.653500 438.888092 64.348396
v -50.758301 464.144501 67.600098
v -55.482601 458.729797 60.888599
v -55.097401 434.278900 57.764198
v -50.731499 490.328796 69.816803
v -50.665100 515.600098 72.409897
v -55.414001 507.932098 65.966904
v -55.488602 483.737213 63.311798
v -50.651100 538.117920 76.790703
v -50.676102 558.222412 82.854301
v -55.797600 549.969604 74.804497
v -55.557701 529.945801 69.786797
v -50.726898 576.253479 90.496002
v -50.821301 589.324829 96.472801
v -56.418499 583.466919 86.374901
v -56.011501 568.195007 81.053001
v -48.677502 599.636475 88.232101
v -49.936298 599.908630 90.232300
v -47.085800 598.388794 86.571198
v -51.463100 590.754395 76.405197
v -53.519699 592.023010 77.683197
v -55.561298 593.192017 79.138901
v -45.344002 597.030212 84.819199
v -43.604000 595.597229 83.025101
v -47.565800 588.003906 73.653702
v -49.461498 589.403625 75.049797
v -42.017300 594.126526 81.237801
v -40.760300 592.315186 80.609001
v -44.454201 584.821106 71.918701
v -45.827202 586.589294 72.253899
v -39.863602 567.022095 80.518799
v -39.839298 580.530212 85.842400
v -39.838402 548.330505 73.759300
v -43.501900 541.048096 67.455597
v -43.517700 559.584412 73.125397
v -43.483601 572.987793 77.556702
v -39.825699 527.456726 68.673302
v -38.553600 502.606110 64.975403
v -42.077400 496.378693 60.299900
v -43.494999 520.341309 63.243698
v -34.750099 471.984589 62.380100
v -30.904200 446.960602 60.789101
v -33.581299 445.326904 57.326500
v -37.829700 468.074402 58.434299
v -3.019300 417.474701 44.654099
v -2.964800 420.534393 45.455700
v -4.716400 414.423401 44.525101
v -5.075700 413.809814 43.133400
v -3.531100 417.106903 42.170799
v -3.780900 420.438995 41.891499
v -26.812599 388.238495 49.502701
v -21.681200 404.228912 49.750999
v -29.740400 366.572113 48.134899
v -32.214802 364.702698 43.872299
v -29.106001 386.461212 45.015701
v -23.605900 402.774109 45.575298
v -28.793100 342.695496 45.748901
v -26.588400 317.730408 42.600899
v -29.029400 316.570496 38.866600
v -31.233299 341.093994 41.771900
v -25.743700 292.798492 38.947102
v -26.191999 268.495300 34.873001
v -29.228800 268.114502 31.181700
v -28.470900 292.067596 35.308498
v -27.865900 245.416397 30.464600
v -29.671801 227.464294 26.786501
v -32.751999 227.393204 22.670401
v -30.973700 245.240494 26.570299
v -31.881701 214.133698 24.995899
v -31.039400 215.235703 24.433599
v -32.975101 214.133698 26.074200
v -36.052601 214.133698 21.410999
v -34.962700 214.133698 20.525299
v -34.146801 215.230301 20.120600
v -34.251400 214.133698 27.152599
v -35.619301 214.133698 28.230900
v -38.904499 214.133698 23.182400
v -37.411400 214.133698 22.296700
v -36.987099 214.133698 29.309299
v -40.397701 214.133698 24.068199
v -44.157101 218.378998 20.102400
v -44.168400 215.195007 19.174200
v -43.016602 227.178101 22.091499
v -44.987301 227.076401 16.129299
v -46.177299 218.345398 13.985900
v -46.190300 215.186600 13.058300
v -38.026402 291.994995 34.842499
v -38.559898 268.042908 30.697701
v -39.245300 316.449799 38.390301
v -40.831799 314.872192 32.998299
v -39.693001 291.011688 29.580500
v -40.323700 267.532288 25.349001
v -42.375401 340.915710 41.261700
v -46.796299 364.328705 43.673599
v -48.294399 361.446198 37.526501
v -43.901600 338.701599 35.514999
v -51.887901 385.624908 45.842899
v -56.246498 406.596191 48.128899
v -57.958599 402.153992 41.437302
v -53.402199 382.051910 39.428101
v -58.468800 429.034210 50.890598
v -59.258598 452.400391 53.723499
v -61.971600 445.397186 46.253300
v -60.697399 423.387512 43.771400
v -59.319599 476.155792 56.223301
v -59.338699 499.226593 58.900101
v -62.269199 489.726715 51.321602
v -62.134201 467.827515 48.706200
v -60.003201 520.538818 62.264301
v -60.917198 540.166992 66.425201
v -65.051804 529.075073 57.753101
v -63.460800 510.143311 54.291599
v -61.685200 558.185974 71.491798
v -62.664398 571.186279 75.648300
v -68.152199 561.123901 65.521500
v -66.385300 546.519592 61.843498
v -58.301102 582.222107 67.201698
v -61.356400 583.210083 68.147102
v -55.185398 581.086975 66.263298
v -57.989899 569.682495 56.222801
v -62.143398 570.543274 56.848301
v -66.989799 571.198486 58.171600
v -52.745899 579.895386 65.264900
v -50.724098 578.674927 64.233498
v -53.026402 567.877197 54.868801
v -55.141499 568.787415 55.556900
v -48.862099 577.453003 63.195999
v -47.395199 575.826477 63.135300
v -49.536499 565.575806 54.376801
v -51.072800 566.971375 54.176998
v -46.425999 550.914673 65.521400
v -46.385899 564.027710 69.128502
v -46.416100 532.771423 60.853699
v -48.574799 523.656982 54.158199
v -48.543900 541.195801 57.797901
v -48.499802 553.878479 60.673401
v -46.413399 512.447571 57.437099
v -44.918701 489.687012 55.397099
v -47.268002 482.668213 50.935799
v -48.685200 503.974304 51.862000
v -31.569300 438.998993 53.863800
v -33.889400 437.261688 51.588299
v -34.825298 437.425690 51.413601
v -34.228001 438.418610 52.500599
v -35.809700 435.110413 49.021301
v -36.287201 436.552887 48.984200
v -36.162102 438.007812 50.003300
v -4.029800 416.688812 39.752800
v -4.574800 420.241791 38.390999
v -5.452300 413.198486 41.786499
v -5.877600 412.695404 40.203800
v -4.536900 416.322815 37.293999
v -5.327600 420.026611 35.036800
v -30.934099 384.484192 40.317501
v -25.266600 401.091614 41.287701
v -34.105400 362.710602 39.304600
v -35.376099 360.649506 34.535900
v -32.197701 382.365906 35.548901
v -26.503500 399.239899 37.006599
v -33.098701 339.424805 37.481602
v -30.887199 315.378510 34.843201
v -32.174702 314.183502 30.602800
v -34.372501 337.730286 32.960701
v -30.444201 291.323486 31.384001
v -31.350201 267.728912 27.194201
v -32.740002 267.348206 22.980301
v -31.770901 290.583893 27.241899
v -33.186001 245.064194 22.363899
v -35.017601 227.323105 18.227301
v -36.570202 227.257706 13.536300
v -34.661201 244.893097 17.919800
v -37.333698 214.133698 15.701400
v -36.479198 215.225098 15.466700
v -38.480400 214.133698 16.379299
v -40.236801 214.133698 11.067900
v -39.017601 214.133698 10.609500
v -38.103699 215.220596 10.554200
v -39.924500 214.133698 17.057100
v -41.517300 214.133698 17.735001
v -43.418900 214.133698 11.984900
v -41.753502 214.133698 11.526400
v -43.110199 214.133698 18.412901
v -45.084301 214.133698 12.443400
v -47.400700 218.321701 7.650700
v -47.414700 215.180695 6.722900
v -46.182201 226.992599 9.952600
v -46.717800 226.929703 3.670000
v -47.962399 218.309402 1.207500
v -47.957802 215.177597 0.278300
v -40.676498 290.074402 24.130100
v -41.391998 267.050995 19.800100
v -41.712502 313.351013 27.424400
v -42.729301 312.162109 23.082701
v -41.782200 289.356110 19.883200
v -42.013500 266.537201 14.292000
v -44.655899 336.531891 29.579100
v -48.908298 358.611786 31.163601
v -49.645901 356.360291 26.210199
v -45.547199 334.808594 24.962000
v -53.870998 378.585388 32.747398
v -58.490398 397.792297 34.464901
v -59.051899 394.436188 28.990700
v -54.435902 375.881805 27.516800
v -61.712700 417.572388 36.450500
v -63.507000 437.961304 38.626499
v -64.832901 432.201385 32.727200
v -62.628899 413.086487 30.740601
v -63.842098 458.994690 40.915401
v -64.035301 479.675415 43.343399
v -65.549698 471.871704 37.211700
v -65.330101 452.150085 34.910999
v -65.403702 499.006104 45.936798
v -67.218102 516.954712 48.825401
v -68.731598 507.405487 42.061798
v -66.920700 490.305786 39.548801
v -68.749199 533.489014 52.138901
v -69.842003 545.706421 54.435001
v -71.242897 532.163086 44.585201
v -70.270798 523.123779 44.890099
v -64.168404 557.296021 46.683701
v -68.291496 556.927429 47.653198
v -59.613602 556.836792 46.361099
v -60.142899 543.070129 36.713001
v -64.780602 543.049927 36.727200
v -68.982101 542.297485 37.455299
v -56.592701 556.361023 46.017899
v -54.420101 555.878296 45.664001
v -54.888401 543.106628 36.676201
v -57.081001 543.089111 36.695400
v -52.410099 555.398804 45.309299
v -50.831200 554.313110 45.761799
v -51.265301 542.396484 37.359299
v -52.858898 543.122192 36.657200
v -49.826500 530.610901 50.046101
v -49.778500 542.768372 52.306999
v -49.971600 513.861328 47.573502
v -50.568199 503.690399 40.901299
v -50.258801 519.496216 42.354599
v -50.207802 531.041687 44.107700
v -50.414700 495.120209 47.126999
v -49.315701 475.459808 47.584999
v -50.855499 468.172791 43.708000
v -51.496899 486.120087 42.145802
v -37.191299 435.907593 43.914799
v -37.313702 437.920197 44.687698
v -37.112999 433.326385 43.473598
v -37.940399 431.494812 37.623699
v -38.127300 434.777496 37.836601
v -38.436100 437.178406 38.395401
v -5.074000 416.111115 34.688499
v -6.020400 419.877686 31.911400
v -6.382800 412.406006 38.105000
v -6.960300 412.259613 35.619400
v -5.604400 415.991211 32.114101
v -6.605400 419.759003 29.240299
v -32.797798 380.164612 30.850599
v -27.157000 397.277496 32.850300
v -35.991001 358.572998 29.670300
v -35.966099 356.550690 24.791201
v -32.755501 378.040497 26.271299
v -27.262899 395.417694 28.849600
v -35.037701 336.053009 28.291599
v -32.904499 313.014313 26.217400
v -33.056702 311.890686 21.763300
v -35.101799 334.423798 23.560301
v -32.558300 289.866486 22.951000
v -33.581799 266.981812 18.610100
v -33.735699 266.635590 14.159500
v -32.725201 289.182587 18.584801
v -35.557899 244.732697 13.312500
v -37.511398 227.200699 8.676400
v -37.681599 227.153900 3.732500
v -35.716801 244.585999 8.622400
v -40.037300 214.133698 5.334700
v -39.087502 215.217194 5.465400
v -41.300499 214.133698 5.565900
v -41.640499 214.133698 -0.031500
v -40.306801 214.133698 -0.031500
v -39.289101 215.215103 0.288600
v -42.861099 214.133698 5.797100
v -44.570400 214.133698 6.028400
v -44.977299 214.133698 -0.031500
v -43.234501 214.133698 -0.031500
v -46.279800 214.133698 6.259600
v -46.757198 214.133698 -0.031500
v -47.997002 218.310104 -5.233000
v -47.935600 215.177795 -6.165700
v -46.710701 226.890305 -2.609800
v -45.932201 226.872192 -8.779000
v -47.221001 218.322098 -11.560600
v -47.102001 215.180801 -12.499100
v -48.405102 277.843689 11.256400
v -48.804699 289.820709 13.944600
v -48.685101 289.477997 10.045200
v -48.348701 273.790497 7.576700
v -49.532902 310.987488 17.233601
v -49.049400 307.640991 12.688500
v -47.918499 307.025604 7.702800
v -47.552502 288.838196 4.990100
v -47.243301 273.479889 2.387100
v -52.371799 332.483307 12.902200
v -52.683701 333.169312 13.924400
v -53.368301 339.936707 11.017400
v -52.312302 334.330902 10.175000
v -53.277401 335.813995 15.471100
v -54.240101 341.975189 15.053400
v -55.066502 348.160095 14.599800
v -54.743698 349.056488 11.360200
v -53.107300 348.842194 4.462200
v -52.186001 341.396912 4.957400
v -51.348701 336.054688 5.105000
v -56.518501 355.032593 19.517300
v -60.807598 372.722809 20.373199
v -59.838699 370.303497 15.553400
v -56.390499 356.766815 14.561400
v -65.369202 391.253387 21.478701
v -64.189598 388.133698 16.438200
v -61.632000 384.480591 9.969200
v -57.691898 368.000610 9.375100
v -54.701099 355.391998 8.608900
v -69.145500 409.863495 23.042299
v -68.067101 405.605194 17.825001
v -71.666702 428.682404 25.138201
v -70.865097 423.135712 19.688801
v -68.541397 416.270599 12.599700
v -65.496201 400.376587 11.086100
v -72.463303 447.839905 27.840099
v -71.977898 441.142792 22.004499
v -74.328796 467.818512 30.917400
v -73.785797 454.797211 23.615700
v -71.546501 445.288910 15.708100
v -70.024101 432.745087 14.383600
v -85.965302 472.656708 26.254601
v -90.193100 484.234406 27.159300
v -87.725700 475.389801 22.292999
v -84.143997 463.240295 22.507601
v -88.811699 491.287415 27.054399
v -87.900200 487.598511 23.112000
v -80.929604 475.517487 16.029800
v -80.625397 464.252686 15.494300
v -78.181602 453.047302 15.526400
v -78.067200 501.235291 35.141102
v -77.275497 509.448395 37.209000
v -77.166199 500.068115 31.268499
v -78.052399 493.886688 28.309999
v -77.487900 513.210327 37.560600
v -77.726097 507.437195 33.670502
v -75.791397 496.516296 25.584200
v -75.027397 488.878387 22.958799
v -74.956299 481.792511 19.706600
v -64.384804 528.374329 26.998199
v -68.673798 527.216187 27.466400
v -59.664200 528.902222 27.313601
v -58.067402 514.934814 18.281099
v -62.474400 513.909485 17.635900
v -66.462196 512.354675 17.843201
v -56.587601 529.444885 27.636999
v -54.414299 529.990784 27.962700
v -53.014000 517.052124 19.607901
v -55.132000 515.990112 18.942900
v -52.403900 530.528870 28.284800
v -50.824799 530.183716 29.238400
v -49.522400 518.118896 21.461800
v -51.058998 518.097107 20.263000
v -49.825298 508.187714 34.811798
v -49.773300 519.042175 36.153999
v -50.326500 493.450104 33.943199
v -49.264599 483.650787 26.976000
v -48.557499 497.186188 27.515499
v -48.492500 507.211304 28.524000
v -51.827202 477.208710 35.832001
v -51.681301 460.918213 37.668301
v -51.694500 454.025513 30.718000
v -51.347801 468.763611 28.950199
v -39.684700 432.450104 32.381001
v -40.282299 434.804688 32.967800
v -39.099602 429.050690 31.961100
v -39.598000 426.474915 26.661301
v -40.614799 429.786285 27.277000
v -41.488499 431.968597 27.864901
v -6.091300 415.900208 29.748600
v -7.034800 419.634796 27.248899
v -7.602900 412.185699 32.876400
v -8.030000 412.146088 30.135500
v -6.398600 415.826385 27.550699
v -7.318200 419.510895 25.620100
v -32.091801 376.154114 21.859800
v -26.857201 393.873993 25.035200
v -35.317501 354.652008 19.981800
v -34.109402 352.880890 15.313900
v -30.897900 374.440887 17.643700
v -26.006300 392.519501 21.426901
v -34.572102 332.873413 18.852900
v -32.611198 310.832489 17.316700
v -31.731701 309.850311 12.952900
v -33.546501 331.421600 14.250200
v -32.190399 288.543488 14.217000
v -33.062099 266.314911 9.704500
v -31.849199 266.022095 5.321600
v -31.187901 287.954407 9.921900
v -34.978401 244.455704 3.930000
v -36.921200 227.118805 -1.210400
v -35.538300 227.094696 -6.067800
v -33.649899 244.341995 -0.684000
v -39.739799 214.133698 -5.397600
v -38.567101 215.214600 -4.887900
v -41.226101 214.133698 -5.628800
v -40.106602 214.133698 -11.130900
v -38.497002 214.133698 -10.672400
v -37.193001 215.215500 -9.975800
v -42.861099 214.133698 -5.860100
v -44.644798 214.133698 -6.091300
v -43.549099 214.133698 -12.047800
v -41.753502 214.133698 -11.589300
v -46.577301 214.133698 -6.322500
v -45.604900 214.133698 -12.506300
v -45.350700 218.343796 -17.665199
v -45.210499 215.186203 -18.612101
v -44.153900 226.872696 -14.730000
v -41.359299 226.886093 -20.363800
v -42.426601 218.371399 -23.445299
v -42.302299 215.193207 -24.402500
v -45.486198 288.247009 -0.830500
v -45.214802 273.188995 -3.453400
v -45.852699 306.583191 1.873200
v -42.969101 306.470093 -4.174000
v -42.591000 287.717010 -6.815400
v -42.360401 272.927612 -9.402400
v -49.912300 342.221710 -1.553000
v -49.354301 338.239014 -1.041500
v -50.369301 346.918091 -2.135000
v -47.576698 346.254486 -7.712100
v -47.398102 342.690186 -7.133900
v -46.954498 340.434204 -6.788400
v -54.823799 367.345612 2.496400
v -52.466999 356.505188 1.957100
v -58.099602 381.738007 2.773000
v -53.727001 379.661194 -4.500200
v -51.202499 367.691406 -4.503200
v -49.515301 359.039307 -4.862200
v -61.661701 396.086304 3.542900
v -64.728302 410.621490 4.662800
v -59.716900 405.957214 -3.329000
v -56.820599 392.576996 -4.070300
v -66.517899 425.574707 5.989200
v -67.853996 436.916687 6.821900
v -62.849400 429.306610 -2.062200
v -61.649101 419.320312 -2.391400
v -72.238899 454.348297 5.702300
v -71.176201 443.991608 5.791800
v -72.277298 464.764313 6.273600
v -63.640701 455.388306 -3.558500
v -63.906799 445.793488 -4.419200
v -62.964802 433.782013 -5.907900
v -69.849602 477.701202 12.422300
v -69.474197 470.721100 9.638200
v -70.283401 484.953094 14.640300
v -63.571899 473.571411 3.608800
v -63.510502 467.205109 2.055100
v -62.130299 458.971893 -1.153500
v -58.542999 500.295898 8.779600
v -61.443001 498.383789 8.742600
v -55.242199 501.768799 9.734300
v -51.522701 490.279510 1.924600
v -53.657501 488.417297 0.733200
v -55.416100 486.186615 0.514600
v -52.733398 503.286713 10.713300
v -50.703098 504.811310 11.696300
v -47.565899 494.119690 4.438700
v -49.480202 492.199890 3.172000
v -48.838001 506.304596 12.662900
v -47.370998 506.646301 14.092000
v -44.436901 496.586914 7.327600
v -45.815300 495.980103 5.687700
v -46.486698 486.992493 20.563299
v -46.382900 495.989899 21.296000
v -47.401001 474.802795 20.276600
v -44.589500 467.187592 13.961900
v -43.647800 478.166809 14.157800
v -43.505299 486.200287 14.654700
v -50.000999 461.162506 22.264799
v -50.796398 447.824097 24.109301
v -47.970600 442.366791 17.231100
v -47.164799 454.551300 15.585400
v -39.669102 427.647095 22.253700
v -40.691002 429.839508 22.546700
v -38.442902 424.248108 21.900000
v -36.444099 422.366608 17.871500
v -37.722099 426.101501 17.833500
v -38.835499 428.598114 17.778999
v -6.390500 415.757904 25.478800
v -7.465600 419.392914 24.036900
v -7.960900 412.103210 27.655701
v -8.581100 410.146790 20.675100
v -6.977700 413.869293 18.701300
v -8.061000 417.499115 17.529699
v -29.264999 372.836212 13.650700
v -24.776600 391.227600 18.044600
v -32.406399 351.241089 10.859300
v -30.186501 349.740906 6.497800
v -27.202801 371.329315 9.184100
v -23.235100 389.714386 13.208100
v -32.123001 330.088013 9.833500
v -30.582100 308.955109 8.747000
v -28.839500 308.150696 4.768700
v -30.114901 328.882294 5.673300
v -29.951500 287.420685 5.773800
v -30.385500 265.759094 1.087300
v -28.513100 265.525696 -2.926800
v -28.211800 286.943512 1.842400
v -32.038502 244.244797 -5.139000
v -33.841000 227.080505 -10.755000
v -31.711500 227.073700 -15.194000
v -30.024900 244.162292 -9.360200
v -36.738701 214.133698 -15.764300
v -35.438499 215.217499 -14.887000
v -38.331600 214.133698 -16.442200
v -35.918201 214.133698 -21.473900
v -34.424999 214.133698 -20.588200
v -33.206402 215.220306 -19.539301
v -39.924500 214.133698 -17.120100
v -41.666100 214.133698 -17.797899
v -39.034698 214.133698 -23.245300
v -37.411301 214.133698 -22.359600
v -43.705200 214.133698 -18.475800
v -40.918301 214.133698 -24.131001
v -38.489700 218.401398 -28.799400
v -38.418499 215.200607 -29.768200
v -37.531898 226.906601 -25.581301
v -33.051201 226.928894 -30.298901
v -33.902500 218.430099 -33.640900
v -33.884899 215.207794 -34.621601
v -38.971901 287.260712 -12.363200
v -38.777302 272.705414 -14.918100
v -39.384899 306.842499 -9.812400
v -34.999100 305.654114 -14.821000
v -34.694599 286.873688 -17.382401
v -34.532501 272.519287 -19.908800
v -45.494400 343.081207 -10.405100
v -44.774601 342.190491 -10.659100
v -44.757702 345.870697 -11.984100
v -43.008999 344.269196 -13.361700
v -46.796200 368.390900 -11.043800
v -45.673199 361.927185 -11.317400
v -48.648602 378.005402 -11.199900
v -43.067001 376.707397 -17.127001
v -42.176399 369.286987 -16.609200
v -41.129601 365.084900 -17.201500
v -51.230301 389.691193 -11.019300
v -53.797798 402.046814 -10.582900
v -47.150101 398.753815 -17.018000
v -45.008598 387.364410 -17.217699
v -56.633598 429.168793 -13.660600
v -54.934898 423.768188 -15.832200
v -56.476299 424.490387 -13.496000
v -50.253899 424.635101 -19.821699
v -49.542198 419.317993 -20.868700
v -49.702400 417.508392 -19.977699
v -56.969299 438.705597 -12.206800
v -56.717300 447.439087 -10.868800
v -51.542301 441.875885 -15.730100
v -50.583698 433.553986 -18.160801
v -56.700901 452.533386 -7.094200
v -54.897202 448.773407 -8.866600
v -56.228500 450.074585 -7.966600
v -52.129002 447.270996 -11.409400
v -51.770802 445.157013 -11.848700
v -51.868301 444.895294 -12.084900
v -48.884998 479.157806 -6.199100
v -50.181198 476.646088 -6.490700
v -47.242802 481.342194 -4.896100
v -42.266899 474.483002 -9.644600
v -43.733200 472.077515 -10.922200
v -44.891102 469.365601 -11.220700
v -45.460899 483.595398 -3.457200
v -43.686100 485.828400 -1.954200
v -39.064999 479.622711 -6.788000
v -40.665798 477.009094 -8.241500
v -42.064999 487.952087 -0.458800
v -40.786701 488.761505 1.367000
v -36.442600 483.602203 -3.595200
v -37.599499 482.290894 -5.359400
v -40.076000 471.269806 8.501700
v -39.920399 478.665009 8.784900
v -40.684299 461.086487 8.148900
v -36.032001 456.263611 3.490400
v -35.802601 466.333008 3.919300
v -35.660400 473.754211 3.862200
v -42.217602 449.076294 8.721400
v -42.200600 437.706207 9.472500
v -35.991001 434.234192 2.458300
v -36.452900 444.614990 2.919200
v -27.452400 434.337097 6.252200
v -27.517500 433.962006 7.229200
v -25.190399 432.598999 5.642200
v -26.200300 433.835388 4.872700
v -27.861000 433.578400 8.233000
v -26.589701 432.608704 7.865000
v -25.389200 431.332489 7.767500
v -24.189100 431.203308 6.508500
v -22.598000 430.131592 5.073600
v -22.510900 430.479095 3.915400
v -21.992599 430.062988 2.376200
v -23.594400 431.757904 2.915400
v -24.888300 433.044495 3.178400
v -9.070600 408.334900 2.386300
v -9.688300 412.047699 1.129100
v -11.075500 404.366791 4.431300
v -13.320200 400.972290 -7.435400
v -12.457800 402.585602 -13.060200
v -12.489300 406.792389 -9.891300
v -24.720800 369.909210 3.547200
v -21.448799 387.695892 5.236900
v -27.427700 348.388306 2.109300
v -24.233500 347.209686 -1.842100
v -21.858400 368.665009 -1.570000
v -19.080799 389.169708 -2.314200
v -27.335800 327.814301 1.840200
v -26.181000 307.441406 1.087200
v -22.985600 306.827515 -2.238300
v -24.056299 326.886993 -1.608500
v -25.699100 286.524200 -1.802400
v -26.074100 265.321594 -6.649000
v -23.169300 265.145996 -10.017800
v -22.680401 286.162109 -5.100500
v -27.490101 244.092804 -13.272800
v -29.032600 227.071701 -19.306601
v -25.854401 227.072098 -23.025999
v -24.481400 244.034302 -16.812700
v -31.515800 214.133698 -25.058800
v -30.399700 215.223404 -23.850599
v -32.883598 214.133698 -26.137199
v -29.284800 214.133698 -30.355600
v -28.065701 214.133698 -29.103001
v -27.071100 215.226395 -27.750601
v -34.251400 214.133698 -27.215500
v -35.693600 214.133698 -28.293800
v -31.741800 214.133698 -32.860802
v -30.504000 214.133698 -31.608200
v -37.284599 214.133698 -29.372200
v -33.016701 214.133698 -34.113400
v -29.027700 218.454407 -37.883400
v -29.027399 215.213898 -38.875301
v -28.296600 226.947693 -34.432499
v -23.202801 226.961197 -37.917999
v -23.802299 218.472900 -41.460602
v -23.801399 215.218506 -42.462101
v -29.824800 286.551788 -21.781300
v -29.692600 272.365601 -24.283001
v -30.052401 304.909912 -19.226400
v -24.619301 304.441498 -22.947599
v -24.448999 286.292389 -25.490101
v -24.344900 272.242615 -27.971300
v -36.264099 324.767700 -14.517800
v -31.054100 323.213196 -18.968500
v -37.070000 338.731995 -15.750800
v -32.223099 338.104889 -19.746300
v -26.376499 337.774414 -23.665001
v -25.401699 322.488708 -22.748800
v -37.914200 370.222504 -20.683001
v -36.073502 368.428314 -22.307199
v -37.184799 375.704010 -22.082701
v -30.801399 374.438995 -26.685301
v -38.273800 385.532501 -22.579100
v -39.952702 395.942291 -22.553699
v -33.646900 394.110809 -26.652399
v -31.872801 385.075287 -26.793900
v -42.215199 414.478912 -26.065399
v -41.801998 410.072510 -25.714100
v -42.918400 421.518494 -25.134199
v -35.218399 418.145905 -29.816000
v -33.921501 409.818207 -30.793200
v -34.441399 403.638000 -30.120001
v -43.907001 430.808197 -22.781799
v -48.150902 439.658386 -18.215700
v -46.082100 438.823608 -18.902700
v -42.247398 434.158997 -22.146999
v -35.465199 427.589691 -26.880501
v -36.172298 424.768585 -28.084299
v -50.185398 443.612213 -13.047200
v -49.749699 442.977997 -13.714900
v -48.675900 444.471985 -13.395500
v -46.982201 441.713409 -14.886300
v -37.710300 466.736298 -12.341000
v -38.698399 463.948486 -12.622700
v -36.459301 469.227905 -11.237400
v -29.952200 466.004211 -12.662500
v -30.960300 463.574707 -13.720500
v -31.757999 460.830414 -14.071700
v -35.085300 471.976807 -10.247700
v -33.703999 475.188110 -9.368500
v -27.709700 472.475891 -11.467800
v -28.836500 468.816406 -11.936500
v -32.431000 479.066711 -8.596500
v -31.427000 481.540710 -7.364600
v -25.846100 480.972107 -10.291400
v -26.668600 477.447296 -11.181400
v -30.858801 463.387695 0.735100
v -30.757900 471.838013 0.062100
v -30.979401 452.482697 0.639200
v -25.367599 449.898895 -1.778600
v -25.273899 461.676605 -1.732600
v -25.270500 471.142395 -2.585700
v -31.164499 441.045197 -0.574800
v -30.479099 431.310211 -1.949200
v -24.996099 428.774597 -5.117400
v -25.715599 438.523590 -3.323900
v -33.572102 427.968201 2.360200
v -27.988100 425.513000 -2.526500
v -30.644800 425.221710 0.915000
v -25.538200 422.497406 -2.980900
v -19.792601 418.803802 -6.061600
v -21.887400 421.876190 -5.907800
v -20.544901 411.121399 -0.469700
v -18.775700 401.162415 -3.595100
v -15.594300 400.609711 -3.703600
v -16.310801 408.319702 -3.535900
v -16.310400 386.975708 -3.904200
v -13.156300 385.919189 -5.340700
v -12.304900 399.197205 -5.952300
v -12.904000 408.393311 -7.189600
v -18.655100 367.685913 -4.477800
v -20.707701 346.231293 -4.892300
v -16.893299 345.403503 -7.275500
v -15.183700 366.771698 -6.228700
v -20.547199 326.103302 -4.615800
v -19.632500 306.309204 -5.148700
v -16.066200 305.885986 -7.599500
v -16.791201 325.463104 -7.140300
v -19.422300 285.856812 -7.991500
v -19.899401 264.997986 -12.971500
v -16.304600 264.877014 -15.463000
v -15.907400 285.607513 -10.429400
v -21.046400 243.985001 -19.915800
v -22.226900 227.072296 -26.285700
v -18.215900 227.071503 -29.034401
v -17.247499 243.944107 -22.533001
v -24.129299 214.133698 -32.647701
v -23.273300 215.228897 -31.168699
v -25.178900 214.133698 -34.053001
v -20.640100 214.133698 -37.170799
v -19.778000 214.133698 -35.636700
v -19.074900 215.230804 -34.050999
v -26.228500 214.133698 -35.458401
v -27.278099 214.133698 -36.863701
v -22.364300 214.133698 -40.239101
v -21.502199 214.133698 -38.704899
v -28.327600 214.133698 -38.269100
v -23.226400 214.133698 -41.773201
v -18.162901 218.484497 -44.306000
v -18.162201 215.221405 -45.314800
v -17.704599 226.967300 -40.690899
v -11.900000 226.968506 -42.709702
v -12.209900 218.490601 -46.377399
v -12.209500 215.223007 -47.391102
v -18.653601 286.092590 -28.438900
v -18.576401 272.148102 -30.904301
v -18.774200 304.080292 -25.903400
v -12.616700 303.824188 -28.052200
v -12.539900 285.951111 -30.584499
v -12.488900 272.081512 -33.038502
v -19.349199 321.929688 -25.743099
v -20.109699 337.635010 -26.785601
v -13.519200 337.674408 -29.068100
v -12.994000 321.533295 -27.914700
v -27.905701 356.594910 -29.027500
v -28.497601 362.592285 -30.134800
v -21.879801 364.761810 -33.764702
v -21.500000 360.045502 -32.735298
v -28.369699 370.806702 -31.104799
v -21.468300 371.122894 -34.689602
v -15.128600 370.915802 -36.896400
v -15.384600 366.210785 -36.349701
v -14.729000 363.299286 -35.553398
v -25.863501 394.770905 -33.886700
v -22.290199 396.059113 -35.740799
v -19.111900 389.314301 -36.807701
v -21.258499 389.529297 -35.472698
v -16.660101 394.993591 -37.537800
v -16.050900 389.516510 -37.751999
v -15.206800 385.441498 -37.547100
v -16.795500 385.447601 -36.997002
v -18.366800 386.552185 -36.042599
v -25.628700 405.903412 -34.422798
v -29.287100 399.659912 -32.609798
v -28.892300 415.731415 -32.837799
v -25.655199 417.086395 -33.352798
v -21.980801 411.822296 -35.133801
v -16.633600 407.867401 -36.716801
v -17.483400 402.316986 -37.084999
v -31.203100 421.284607 -31.095600
v -29.896200 422.221313 -30.612499
v -34.787800 439.529388 -19.763000
v -35.424599 445.208313 -17.511900
v -27.690201 443.855286 -22.862600
v -27.189600 437.038605 -25.029900
v -34.932800 449.565887 -15.576100
v -27.646601 448.274506 -20.869301
v -20.114401 447.398010 -26.477400
v -19.827299 442.762085 -28.157600
v -19.056299 435.899902 -29.720100
v -23.627399 463.033203 -18.325701
v -24.224800 460.446991 -18.942400
v -22.878000 465.239105 -16.907801
v -15.390900 465.688995 -21.676600
v -15.879900 463.726807 -23.513901
v -16.274500 461.316010 -24.390600
v -22.036501 467.845490 -15.768700
v -21.188900 471.437500 -14.858000
v -14.271600 471.241913 -18.326000
v -14.831000 468.021606 -19.941999
v -20.421499 476.600494 -14.125400
v -19.806299 480.291504 -12.726300
v -13.383500 479.004791 -14.690800
v -13.784100 475.867493 -16.844700
v -19.077101 460.442413 -4.165600
v -19.256100 469.893005 -4.051300
v -19.037901 448.667297 -5.136900
v -12.449000 448.076813 -8.297000
v -12.599500 459.189209 -6.296900
v -12.896700 467.912811 -5.032000
v -19.469299 437.207001 -6.891300
v -18.872999 426.467712 -8.413200
v -12.836200 425.351105 -11.097000
v -12.853700 436.600586 -10.095200
v -15.751000 416.855988 -8.687000
v -15.445200 414.187592 -7.726300
v -11.781300 407.147400 -8.675200
v -9.348700 404.909088 -9.708200
v -11.418900 414.918396 -10.708000
v -10.079300 397.321503 -7.525700
v -10.154600 384.479401 -6.754000
v -7.040500 382.821991 -7.910400
v -7.732000 395.230896 -8.424100
v -11.517100 365.722595 -7.875300
v -12.833500 344.676392 -9.225500
v -8.661600 344.069794 -10.676400
v -7.746000 364.620697 -9.221900
v -12.770900 324.966400 -9.140500
v -12.231600 305.557312 -9.546200
v -8.205800 305.322906 -10.961500
v -8.600500 324.612488 -10.591800
v -12.118100 285.413788 -12.368100
v -12.425000 264.782593 -17.444901
v -8.329500 264.714905 -18.887501
v -8.120500 285.275513 -13.778900
v -13.146900 243.910904 -24.615101
v -13.887300 227.068802 -31.220900
v -9.317900 227.065201 -32.812599
v -8.817700 243.886093 -26.130800
v -15.082900 214.133698 -38.013901
v -14.544700 215.231903 -36.343300
v -15.742700 214.133698 -39.650398
v -10.573100 214.133698 -41.455002
v -10.126900 214.133698 -39.743900
v -9.762800 215.232407 -38.011700
v -16.402500 214.133698 -41.286999
v -17.062300 214.133698 -42.923500
v -11.465600 214.133698 -44.877201
v -11.019400 214.133698 -43.166100
v -17.722000 214.133698 -44.560101
v -11.911900 214.133698 -46.588299
v -6.043300 218.492798 -47.632198
v -6.043100 215.223495 -48.648602
v -5.887000 226.966797 -43.933102
v -6.209200 285.866486 -31.883499
v -6.183800 272.041595 -34.330700
v -6.246500 303.671112 -29.352400
v -6.433300 321.296387 -29.227100
v -6.701400 337.880096 -30.472601
v -9.842500 367.460602 -37.766602
v -7.877300 366.431610 -37.378601
v -8.727400 370.542694 -38.207699
v -12.572500 390.617706 -38.402901
v -10.258400 388.386505 -38.620701
v -11.148900 394.265503 -38.609699
v -6.711300 392.958893 -39.159302
v -10.263400 398.760315 -38.601898
v -9.808500 402.478607 -37.998901
v -2.957500 397.490601 -39.188400
v -4.721200 395.979309 -39.373501
v -16.642700 417.768707 -32.528500
v -18.248501 426.634888 -31.103701
v -9.243300 426.208710 -33.104900
v -8.546100 416.427399 -33.853100
v -9.715100 435.381714 -32.236000
v -10.231800 442.292114 -31.272800
v -10.470200 447.075104 -30.040300
v -7.886400 464.270386 -26.642099
v -8.082600 461.954895 -27.572001
v -7.645100 466.110291 -24.671900
v -7.365400 468.302307 -22.654100
v -7.087400 471.058197 -20.658600
v -6.851000 474.589386 -18.755400
v -6.653500 476.618011 -16.206699
v -6.172100 457.421387 -7.859600
v -6.374100 465.024689 -6.224800
v -6.059600 447.416107 -10.120100
v -6.297100 436.209808 -11.753800
v -6.402300 424.614899 -12.297600
v -5.892900 413.443604 -11.288500
v -5.030700 402.896515 -9.735400
v -4.077800 393.173889 -8.647500
v -3.549500 381.112213 -8.576100
v -3.961500 363.548004 -10.072700
v -4.510800 343.603394 -11.562100
v -4.394400 324.400391 -11.469100
v -4.066300 305.182312 -11.818100
v -3.980700 285.192505 -14.633200
v -4.086500 264.674103 -19.761299
v -4.332700 243.870407 -27.048901
v -4.584900 227.061905 -33.776901
v -4.992900 214.133698 -40.791599
v -4.809300 215.232498 -39.021999
v -5.217900 214.133698 -42.547798
v -5.443000 214.133698 -44.304100
v -5.668000 214.133698 -46.060299
v -5.893100 214.133698 -47.816502
v 0.230100 243.664398 -37.110100
v 6.028000 243.670898 -36.716702
v 0.230100 259.305115 -30.997499
v 5.809100 259.316193 -30.616800
v 11.292300 259.348785 -29.487700
v 11.726900 243.688202 -35.550900
v 0.230100 218.528702 -37.559299
v 5.168600 218.528900 -37.225800
v 10.023200 218.528397 -36.237099
v 17.227501 243.714294 -33.626701
v 16.584000 259.402191 -27.623600
v 21.594900 259.475800 -25.063200
v 22.437000 243.747604 -30.983801
v 14.709800 218.526306 -34.604599
v 19.149799 218.521896 -32.361900
v 27.262400 243.786499 -27.661900
v 26.235800 259.569214 -21.844900
v 30.430500 259.683105 -18.029900
v 31.624599 243.832596 -23.723101
v 23.264299 218.514297 -29.542299
v 26.986000 218.504303 -26.198400
v 35.444401 243.887100 -19.229500
v 34.102600 259.818512 -13.679300
v 37.194302 259.977905 -8.872800
v 38.661701 243.954498 -14.261900
v 30.247400 218.492294 -22.382799
v 32.997101 218.479996 -18.164101
v 41.216202 244.039093 -8.901400
v 39.647301 260.163696 -3.690100
v 41.425201 260.378693 1.765700
v 43.070900 244.145401 -3.242900
v 35.183601 218.468903 -13.610700
v 36.774502 218.460800 -8.802900
v 44.188400 244.278198 2.618500
v 42.491199 260.625885 7.391500
v 44.556599 244.439102 8.579900
v 37.737598 218.457397 -3.820900
v 38.062099 218.459396 1.249000
v 44.163399 244.629807 14.538400
v 43.022301 244.846298 20.391199
v 37.736801 218.467499 6.320000
v 36.582199 218.481003 11.305500
v 41.147202 245.085007 26.035299
v 38.576401 245.336807 31.375900
v 34.418400 218.499100 16.118500
v 31.850000 218.519897 20.678101
v 35.348598 245.592697 36.318100
v 31.524500 245.839203 41.322601
v 29.481501 218.541702 24.903299
v 26.792101 218.562500 28.724800
v 27.164900 246.062698 46.850201
v 22.348801 246.254807 52.022800
v 23.261299 218.580505 32.073399
v 19.147100 218.594803 34.896099
v 17.155001 246.406998 55.962299
v 11.675300 246.518402 58.647900
v 14.707600 218.604797 37.140400
v 10.021600 218.610901 38.773201
v 6.001300 246.588593 60.058998
v 0.230000 246.613403 60.445801
v 5.167800 218.613800 39.761700
v 0.230100 218.614395 40.094799
v -5.541200 246.588593 60.058998
v -11.215200 246.518402 58.647900
v -4.707700 218.613800 39.761700
v -9.447000 218.610901 38.773201
v -16.695000 246.406998 55.962299
v -21.888700 246.254898 52.022701
v -13.789400 218.604797 37.140400
v -18.034000 218.594803 34.896099
v -26.704800 246.062805 46.850101
v -31.064400 245.839203 41.322498
v -22.479900 218.580505 32.073299
v -26.762300 218.562500 28.724800
v -34.888500 245.592697 36.318100
v -38.116299 245.336807 31.375900
v -30.516199 218.541702 24.903299
v -33.609798 218.519897 20.678101
v -40.687099 245.085007 26.035299
v -42.562199 244.846298 20.391100
v -35.911201 218.499100 16.118500
v -37.502800 218.481003 11.305500
v -43.703300 244.629807 14.538300
v -44.170898 244.439102 8.579800
v -38.466702 218.467499 6.320000
v -38.643200 218.459396 1.248900
v -44.025799 244.278198 2.618500
v -42.105499 260.625885 7.391500
v -41.206799 260.378693 1.765700
v -43.205799 244.145401 -3.242900
v -37.872501 218.457397 -3.820900
v -36.463100 218.460800 -8.803000
v -41.648602 244.039093 -8.901400
v -39.782200 260.163696 -3.690200
v -37.533600 259.977905 -8.872900
v -39.168400 243.954605 -14.262000
v -34.723400 218.468903 -13.610800
v -32.536999 218.479996 -18.164101
v -35.579201 243.887100 -19.229500
v -34.163101 259.818512 -13.679400
v -30.100401 259.683105 -18.029900
v -31.313200 243.832596 -23.723200
v -29.787300 218.492294 -22.382900
v -26.525801 218.504303 -26.198400
v -26.802299 243.786606 -27.661900
v -25.775700 259.569214 -21.844900
v -21.134800 259.475800 -25.063200
v -21.976801 243.747604 -30.983801
v -22.804100 218.514297 -29.542299
v -18.689600 218.521896 -32.361900
v -16.767300 243.714294 -33.626701
v -16.123899 259.402100 -27.623600
v -10.832200 259.348785 -29.487700
v -11.266700 243.688202 -35.550900
v -14.249700 218.526306 -34.604599
v -9.563100 218.528397 -36.237099
v -5.567900 243.670898 -36.716702
v -5.348900 259.316193 -30.616699
v -4.708500 218.528900 -37.225800
v 17.302000 450.422394 -19.311300
v 8.873800 451.061798 -22.576599
v 8.759100 452.263702 -22.991400
v 17.144699 451.538696 -19.745100
v 0.230100 451.343903 -23.628500
v 0.230100 452.574493 -24.027800
v 0.230100 454.991089 -25.578699
v 8.763800 454.682892 -24.540100
v 17.153200 453.957214 -21.289900
v -8.413700 451.061798 -22.576599
v -8.299000 452.263702 -22.991400
v -16.841900 450.422394 -19.311300
v -16.684601 451.538788 -19.745100
v -16.693100 453.957214 -21.289801
v -8.303600 454.683014 -24.540100
v -24.838800 449.632202 -13.722800
v -24.783100 450.606689 -14.151700
v -32.424500 450.192291 -8.666900
v -32.444698 451.089813 -9.098100
v -32.457298 453.446106 -10.648600
v -24.793900 453.012695 -15.693800
v -39.618900 453.603485 -6.999000
v -39.519600 454.609985 -7.470900
v -46.094898 459.427612 -5.377200
v -45.833801 460.555298 -5.898100
v -45.850700 462.672485 -7.514700
v -39.534500 456.854004 -9.050800
v -51.525101 467.226196 -0.459300
v -51.213001 468.313507 -1.007800
v -56.959999 477.240906 6.788600
v -56.631401 478.267090 6.159700
v -56.650600 480.225708 4.487100
v -51.231300 470.337799 -2.654700
v -63.449799 489.713409 15.400300
v -63.062801 490.798615 14.564300
v -68.908096 503.914093 24.896900
v -68.461304 505.081390 23.855900
v -68.481697 506.958313 22.138000
v -63.082699 492.712311 12.868500
v -71.248398 519.113281 34.799500
v -70.780998 520.288330 33.684200
v -71.061302 535.726929 43.879299
v -71.081902 537.518982 42.118198
v -70.801598 522.124084 31.944201
v -70.341904 550.704285 54.271400
v -69.780602 561.842224 62.642399
v -69.800797 563.573425 60.895599
v -70.362396 552.452271 52.491100
v -68.626602 570.239319 71.977997
v -65.630997 576.404297 76.844101
v -66.223503 577.628174 76.006500
v -70.163597 568.883423 70.087997
v -61.994598 583.000183 81.212601
v -61.371601 586.153076 81.827301
v -61.389999 587.931519 80.334999
v -66.242104 579.444092 74.571602
v -70.182701 570.698975 68.616501
v -50.977402 594.549927 97.541801
v -55.325401 589.813721 88.831802
v -45.521000 599.964600 108.304398
v -45.539200 601.538574 106.473801
v -50.996300 596.148376 95.714302
v -55.344398 591.453979 87.054703
v -39.256699 603.198975 118.446404
v -32.734001 604.799072 127.471397
v -32.749500 606.342285 125.642502
v -39.273800 604.754822 116.615700
v -26.502001 605.311218 134.882706
v -20.231600 605.255920 140.422806
v -20.199100 606.769287 138.715698
v -26.515600 606.846313 133.056595
v -13.594000 605.154419 143.834000
v -7.602700 605.039124 145.029602
v -7.345100 606.437988 144.089996
v -13.427100 606.613708 142.477402
v 3.416400 604.934387 143.926895
v 0.151300 604.896729 142.794693
v 7.590300 605.027222 145.035904
v 7.302000 606.418579 144.143097
v 3.223300 606.287781 143.337402
v 0.146100 606.238525 142.316605
v 26.961901 605.310974 134.882797
v 20.612900 605.253906 140.423904
v 33.194000 604.799072 127.471397
v 33.209499 606.342224 125.642601
v 26.975599 606.846313 133.056702
v 20.575300 606.766113 138.724594
v 39.716801 603.198975 118.446503
v 45.980999 599.964600 108.304497
v 45.999298 601.538574 106.473801
v 39.733799 604.754700 116.615799
v 51.437401 594.549805 97.541801
v 55.785400 589.813599 88.831902
v 55.804401 591.453979 87.054802
v 51.456299 596.148376 95.714401
v 62.454601 583.000427 81.212700
v 66.091003 576.404419 76.844200
v 66.683601 577.628418 76.006599
v 61.831600 586.153198 81.827301
v 69.086601 570.239380 71.977997
v 70.623703 568.883484 70.087997
v 70.642700 570.699219 68.616501
v 66.702103 579.444214 74.571701
v 61.849998 587.931519 80.335098
v 70.801903 550.704285 54.271500
v 70.240601 561.842224 62.642399
v 71.521400 535.726929 43.879398
v 71.542000 537.519104 42.118301
v 70.822502 552.452271 52.491199
v 70.260902 563.573486 60.895599
v 71.709801 519.118530 34.792702
v 71.240997 520.288513 33.684200
v 69.358498 503.931396 24.883301
v 68.921402 505.081512 23.855900
v 68.941803 506.958405 22.138100
v 71.261703 522.124329 31.944300
v 63.867001 489.766113 15.366600
v 63.522900 490.798798 14.564300
v 57.354900 477.316406 6.742500
v 57.091499 478.267090 6.159700
v 57.110600 480.225800 4.487100
v 63.542801 492.712494 12.868500
v 51.941700 467.276001 -0.489400
v 51.673199 468.313507 -1.007800
v 46.544102 459.440094 -5.384700
v 46.293900 460.555298 -5.898000
v 46.310799 462.672485 -7.514700
v 51.691399 470.337799 -2.654700
v 40.078999 453.603607 -6.999000
v 39.979698 454.610107 -7.470800
v 32.884602 450.192413 -8.666900
v 32.904800 451.089813 -9.098100
v 32.917500 453.446106 -10.648600
v 39.994598 456.854004 -9.050800
v 25.298901 449.632202 -13.722900
v 25.243200 450.606689 -14.151800
v 25.254000 453.012695 -15.693800
v 6.864900 469.026215 -6.468800
v 0.230000 467.166901 -7.097100
v 13.392200 472.224213 -5.440400
v 13.382500 474.658997 -7.466300
v 6.859300 471.585297 -8.511400
v 0.230000 469.779114 -9.115300
v 19.704500 474.382690 -4.869100
v 25.653799 475.585388 -3.738500
v 25.642401 477.725311 -5.457200
v 19.693701 476.656311 -6.746800
v 31.091999 475.916290 -1.032200
v 35.961601 477.464386 2.973400
v 35.944500 479.557098 1.295500
v 31.077999 478.014313 -2.701800
v 40.205002 482.318695 8.002000
v 43.787498 490.007690 13.932800
v 43.767700 492.032898 12.227100
v 40.186100 484.387299 6.310600
v 46.674599 500.059814 20.645100
v 48.795700 511.570587 27.956699
v 48.775200 513.466125 26.229500
v 46.654301 502.021912 18.929001
v 50.080002 523.635986 35.685699
v 50.514599 535.831909 43.762699
v 50.493900 537.627319 42.000801
v 50.059399 525.477295 33.942101
v 50.086498 547.733887 52.118401
v 48.809898 558.993286 60.677200
v 48.789398 560.709412 58.882900
v 50.065899 549.487976 50.339500
v 46.698799 569.261292 69.363503
v 43.800800 578.295471 78.052902
v 43.780800 579.941895 76.233200
v 46.678501 570.940918 67.555603
v 40.163200 585.853516 86.620903
v 35.847000 591.911621 94.827202
v 35.889099 593.484985 92.989098
v 40.143799 587.470886 84.791199
v 30.913000 596.445801 102.431396
v 25.444099 599.663574 109.061897
v 25.792700 601.081421 107.690697
v 31.138300 597.940979 100.586197
v 19.523600 601.772278 114.346802
v 13.332700 603.034790 118.461899
v 13.415100 604.377197 119.965103
v 19.753500 603.148315 114.410500
v 7.052600 603.713379 121.582703
v 0.603400 603.906799 122.894501
v 0.790100 605.165222 124.891403
v 7.172100 605.002930 123.573601
v -6.094800 603.713379 121.582703
v -12.748300 603.034790 118.461899
v -12.768400 604.377197 119.965103
v -5.965400 605.003113 123.573601
v -19.063601 601.772278 114.346802
v -24.984100 599.663574 109.061798
v -25.332701 601.081421 107.690697
v -19.293501 603.148376 114.410500
v -30.452999 596.445801 102.431396
v -35.387001 591.911682 94.827202
v -35.429100 593.484985 92.988998
v -30.678301 597.940979 100.586197
v -39.703201 585.853577 86.620903
v -43.340698 578.295471 78.052803
v -43.320702 579.941895 76.233101
v -39.683800 587.470886 84.791199
v -46.238800 569.261230 69.363503
v -48.349800 558.993225 60.677200
v -48.329300 560.709106 58.882900
v -46.218399 570.940918 67.555603
v -49.626499 547.733826 52.118401
v -50.054600 535.831482 43.762600
v -50.033901 537.627075 42.000801
v -49.605801 549.487915 50.339500
v -49.619900 523.634827 35.685600
v -48.335602 511.567505 27.956900
v -48.315102 513.464294 26.229601
v -49.599300 525.476685 33.942101
v -46.214600 500.053497 20.645901
v -43.327400 489.999207 13.934400
v -43.307598 492.026611 12.228000
v -46.194199 502.017609 18.929399
v -39.744900 482.310699 8.003900
v -35.501499 477.458191 2.975300
v -35.484402 479.552612 1.296800
v -39.726002 484.381287 6.311700
v -30.631901 475.911896 -1.030700
v -25.193701 475.582397 -3.737300
v -25.182301 477.723297 -5.456500
v -30.617901 478.011292 -2.700700
v -19.244400 474.380096 -4.868000
v -12.932000 472.221985 -5.439400
v -12.922400 474.657501 -7.465700
v -19.233601 476.654602 -6.746100
v -6.404700 469.024902 -6.468200
v -6.399200 471.584412 -8.511100
v 8.686700 458.336212 -26.469101
v 17.011101 457.637909 -23.243799
v 0.230100 458.625488 -27.496599
v -8.226600 458.336212 -26.469101
v -16.550900 457.637909 -23.243799
v -24.610800 456.699799 -17.677900
v -32.242802 457.073486 -12.677100
v -39.283600 460.310608 -11.147100
v -45.566700 465.919891 -9.686900
v -50.925301 473.410706 -4.895800
v -56.329601 483.160797 2.185600
v -62.749500 495.548309 10.516700
v -68.139999 509.710205 19.738899
v -70.456001 524.783081 29.493299
v -70.735703 540.081482 39.614601
v -70.017601 554.919678 49.937000
v -69.461601 565.981812 58.381100
v -65.939003 581.866211 72.545403
v -69.869202 573.142578 66.540398
v -61.089802 590.301270 78.205200
v -61.547699 589.421814 75.405403
v -65.125900 583.752319 70.539803
v -68.166199 576.789612 66.247597
v -50.679298 598.340210 93.002098
v -55.026699 593.690186 84.445999
v -45.232700 603.703918 103.722198
v -38.987598 606.908325 113.817101
v -32.490299 608.496521 122.794502
v -26.287600 609.011230 130.162003
v -19.965000 608.897217 136.020294
v -13.108400 608.599487 140.469803
v -6.988800 608.253784 142.903397
v 2.982800 607.969788 142.813400
v 0.141400 607.883179 141.988205
v 6.917000 608.213989 143.052704
v 26.747601 609.011230 130.162094
v 20.336399 608.890625 136.045197
v 32.950401 608.496399 122.794502
v 39.447601 606.908325 113.817101
v 45.692699 603.703918 103.722198
v 51.139301 598.340210 93.002197
v 55.486698 593.690125 84.446098
v 66.399002 581.866211 72.545502
v 61.549900 590.301270 78.205299
v 70.329300 573.142822 66.540398
v 68.626297 576.789673 66.247597
v 65.585999 583.752319 70.539902
v 62.007702 589.421814 75.405502
v 70.477699 554.919800 49.937099
v 69.921700 565.981873 58.381100
v 71.195801 540.081726 39.614700
v 70.916100 524.783203 29.493401
v 68.600098 509.710297 19.738899
v 63.209599 495.548492 10.516800
v 56.789700 483.160889 2.185700
v 51.385399 473.410614 -4.895700
v 46.026798 465.919891 -9.686800
v 39.743698 460.310608 -11.147000
v 32.702900 457.073608 -12.677100
v 25.070900 456.699890 -17.677900
v 6.952600 474.866302 -12.274700
v 0.230100 473.122314 -12.877600
v 13.544700 477.760712 -11.057300
v 19.875799 479.468109 -9.816400
v 25.835300 480.292999 -8.012500
v 31.312901 480.539703 -5.106200
v 36.228001 482.147308 -1.135500
v 40.500301 487.054596 3.861100
v 44.099300 494.749115 9.766400
v 46.994801 504.718414 16.462700
v 49.119301 516.112122 23.757601
v 50.405499 528.079773 31.458700
v 50.840599 540.190308 39.503502
v 50.411999 552.012085 47.829700
v 49.133499 563.195984 56.364201
v 47.019001 573.392700 65.033997
v 44.115398 582.361206 73.716797
v 40.469299 589.860718 82.290398
v 36.382702 595.788513 90.513901
v 32.157299 600.041870 98.146599
v 27.145000 602.979675 105.766403
v 20.697599 604.960693 113.951302
v 13.723300 606.119629 121.047897
v 7.130200 606.591370 125.402702
v 0.603400 606.655518 126.894699
v -6.172400 606.591370 125.402702
v -13.138800 606.119629 121.047897
v -20.237600 604.960571 113.951302
v -26.684999 602.979675 105.766403
v -31.697300 600.041870 98.146500
v -35.922699 595.788574 90.513802
v -40.009300 589.860718 82.290298
v -43.655300 582.361206 73.716797
v -46.558998 573.392578 65.033997
v -48.673500 563.195801 56.364101
v -49.952000 552.012024 47.829601
v -50.380600 540.190186 39.503399
v -49.945400 528.079712 31.458599
v -48.659199 516.111328 23.757601
v -46.534698 504.716187 16.462799
v -43.639198 494.745789 9.766700
v -40.040199 487.051392 3.861700
v -35.767899 482.144989 -1.134900
v -30.852699 480.538208 -5.105700
v -25.375200 480.292114 -8.012200
v -19.415600 479.467285 -9.816000
v -13.084600 477.759888 -11.056900
v -6.492500 474.865906 -12.274500
v 22.923000 400.437286 -7.502100
v 24.933100 407.027588 -5.894600
v 21.097099 395.440002 -4.776800
v 20.720600 396.966705 -8.386400
v 22.169701 399.685486 -12.834300
v 23.190399 405.415497 -10.355300
v 20.841499 397.069092 5.970100
v 21.335800 400.966187 17.755100
v 18.603399 406.767487 21.203300
v 19.519699 401.064789 6.014000
v 21.759800 402.773193 23.594700
v 22.015900 403.538513 26.579599
v 17.466600 409.137909 30.771400
v 18.008101 408.862701 28.017500
v 22.006701 404.310303 29.800301
v 21.752600 405.212402 33.134300
v 15.875200 409.682495 36.790001
v 16.711700 409.381104 33.779598
v 21.274500 406.368500 36.459202
v 20.496300 407.640198 39.699299
v 14.256400 410.708405 41.933800
v 15.088900 410.132599 39.550999
v 19.341999 408.888885 42.778900
v 17.972200 410.057587 45.730900
v 12.277500 412.105499 45.388199
v 13.281200 411.386810 43.810101
v 16.547501 411.089294 48.588200
v 14.957300 411.954498 51.325100
v 10.382100 413.413788 48.422298
v 11.359900 412.802307 46.876301
v 13.090600 412.623505 53.915699
v 10.996200 413.120911 56.291901
v 7.881500 414.210205 51.964001
v 9.197800 413.876892 50.173801
v 8.722500 413.471100 58.385601
v 6.105500 413.698700 60.012001
v 4.696100 414.571014 54.944099
v 6.507500 414.432709 53.625900
v 2.980900 413.828308 60.986099
v -0.226800 413.868408 61.323799
v -0.654900 414.678009 55.967800
v 2.067200 414.652191 55.703201
v -3.093000 413.827301 61.041199
v -5.710600 413.696014 60.113998
v -4.436900 414.567993 55.124401
v -2.745800 414.650696 55.802101
v -8.172100 413.465302 58.518002
v -10.466400 413.112091 56.445400
v -7.369900 414.203888 52.219898
v -5.959500 414.427887 53.852901
v -12.582500 412.613007 54.088501
v -14.454700 411.943298 51.511398
v -9.919100 413.405701 48.726002
v -8.724500 413.869385 50.457699
v -16.017599 411.077789 48.778702
v -17.413500 410.046387 45.924301
v -11.717000 412.097107 45.700100
v -10.849500 412.793915 47.184601
v -18.784700 408.878815 42.982700
v -19.959900 407.631714 39.916199
v -13.733600 410.700287 42.286201
v -12.722600 411.378387 44.139301
v -20.767599 406.361694 36.687599
v -21.281601 405.207001 33.374901
v -15.465800 409.675598 37.186100
v -14.617100 410.125092 39.924702
v -21.575899 404.305786 30.056101
v -21.528700 403.534393 26.850700
v -17.023199 409.132111 31.219101
v -16.372700 409.374695 34.201801
v -21.018801 402.769592 23.878000
v -20.354799 400.963287 18.045799
v -17.266899 406.763214 21.685600
v -17.103201 408.857300 28.485399
v -19.845600 397.067505 6.261400
v -19.837601 395.445007 -4.794700
v -19.355000 396.967590 -8.383300
v -18.169100 401.062408 6.504200
v -20.677000 400.458710 -8.442000
v -21.749399 407.062103 -7.500800
v -21.419600 405.419708 -13.147300
v -20.370300 399.691193 -14.301800
v -22.393000 408.577789 0.996900
v -24.849100 409.368713 5.755200
v -22.865900 410.011688 8.752800
v -19.294001 406.555786 -2.584500
v -26.731400 409.222595 7.238800
v -27.509001 409.864288 9.714300
v -30.323700 411.479706 12.740300
v -30.758200 411.947906 14.563900
v -31.939100 413.813599 19.528500
v -22.646999 414.722412 19.140600
v -13.852200 416.361298 19.590500
v -14.259100 409.711304 5.655100
v -16.049200 406.506897 -3.212300
v -32.535801 415.930298 22.733200
v -22.593399 417.168396 23.573900
v -32.813499 418.305206 26.179199
v -22.667700 418.560913 25.840500
v -13.592000 419.245789 25.981501
v -13.660100 418.835510 24.781500
v -33.037601 420.945312 31.867599
v -22.832199 420.111511 29.728001
v -32.919399 423.715607 37.930698
v -22.795799 421.763794 34.124298
v -13.407800 420.229706 30.503799
v -13.557100 419.703705 27.943800
v -32.170101 426.480713 42.500702
v -22.267200 423.462006 37.917000
v -30.780001 428.865112 46.568298
v -21.284700 424.954193 41.653198
v -12.356700 421.425201 36.914600
v -12.996700 420.844208 33.496601
v -32.729401 437.613190 52.360600
v -33.098202 436.638092 52.157398
v -30.162600 438.631012 54.314499
v -29.519800 437.621796 54.771801
v -28.236300 439.987305 57.014500
v -26.392000 438.680511 56.762199
v -24.927500 440.824097 60.230000
v -22.029699 438.165710 59.491600
v -19.139400 434.990692 59.649300
v -24.555401 436.835693 57.309101
v -21.173901 441.693787 63.797199
v -17.687799 437.490692 62.290901
v -17.089899 442.391998 67.227600
v -13.409500 436.735901 64.839798
v -9.732700 430.614197 63.293800
v -14.206100 432.797485 61.672699
v -12.790000 442.713989 70.032898
v -9.238300 435.981812 66.818199
v -8.420400 442.781799 72.134300
v -5.510000 435.321014 68.260101
v -2.613500 427.412811 65.206902
v -5.696100 428.798798 64.427299
v -4.127600 442.717407 73.453003
v -2.560300 434.845886 69.199600
v 0.159000 442.648193 73.916901
v 0.128800 434.637695 69.545700
v 0.112000 426.162811 65.990898
v -1.002200 426.517914 65.766098
v 3.546500 421.835388 66.689903
v 3.513400 421.402496 64.867599
v 2.859400 421.191010 63.829601
v 2.191100 421.196411 64.728600
v 4.108400 421.278412 62.211899
v 2.561800 421.144196 62.009102
v 0.945900 420.903290 62.362000
v 9.543100 423.641815 63.712799
v 8.195400 422.081787 60.944099
v 5.998200 421.271912 61.945599
v 6.564500 422.198792 63.820801
v 6.860300 420.799713 58.277401
v 5.403200 420.593903 60.384899
v 4.717500 420.677185 61.560398
v 4.589700 420.866394 62.571400
v 5.132000 421.504089 63.752300
v 18.307800 427.292114 59.948799
v 14.440300 424.235596 56.021801
v 11.138300 423.142914 58.811199
v 13.637500 425.448608 62.210300
v 10.611100 421.493195 52.116901
v 8.672100 421.135193 55.443001
v 27.430201 429.778290 54.892200
v 20.779900 425.655487 49.864899
v 17.715200 425.140503 53.050999
v 23.013800 428.844910 57.563999
v 14.159900 421.879913 44.814999
v 12.450000 421.766510 48.534599
v 34.048901 428.704895 47.911900
v 25.523199 424.868195 42.666698
v 23.451300 425.578613 46.429901
v 31.232000 429.763214 51.769798
v 17.052299 421.413513 37.426899
v 15.711700 421.757996 41.077099
v 35.511101 426.508392 43.033600
v 26.789301 423.482605 38.496101
v 36.376400 423.738800 37.703899
v 27.651600 421.781586 34.321499
v 18.986900 420.242889 30.948099
v 18.128700 420.858704 33.970001
v 37.402599 420.961395 32.491501
v 28.512300 420.124908 30.546200
v 37.944901 418.311401 27.602501
v 28.999399 418.568695 27.215700
v 20.097700 419.255890 26.822901
v 19.672899 419.715515 28.602699
v 37.358501 415.924286 23.242599
v 28.740700 417.168793 24.375500
v 35.984299 413.815613 18.832199
v 27.741600 414.768188 19.073799
v 19.515900 416.379211 20.087000
v 20.172400 418.843597 25.497900
v 34.163101 412.001190 13.791600
v 26.006800 410.209686 8.358900
v 33.496799 411.729614 12.270000
v 30.290199 410.413300 9.481400
v 28.949499 410.013214 7.124100
v 27.046900 409.895691 5.261500
v 24.307400 408.803406 0.524700
v 21.052900 406.594604 -2.796800
v 18.233101 406.524811 -2.673000
v 17.747400 409.763306 6.049800
v -64.212196 575.757996 77.078499
v -68.857903 567.537598 69.983002
v -59.660301 584.693481 83.540298
v -58.264500 588.614807 84.848000
v -58.283199 590.324890 83.212097
v -57.974602 592.626587 80.842903
v -59.148602 591.758789 76.556000
v -63.614899 583.960205 69.166801
v -68.324303 574.826172 63.121700
v -70.227798 569.952026 62.867199
v -70.554901 567.532227 65.164299
v -70.535202 565.761597 66.773903
v 64.672203 575.758118 77.078598
v 60.120300 584.693481 83.540398
v 69.317902 567.537720 69.983101
v 70.995300 565.761719 66.774002
v 71.014999 567.532288 65.164299
v 70.687798 569.952087 62.867298
v 68.784302 574.826294 63.121799
v 64.074898 583.960205 69.166801
v 59.608700 591.758728 76.556099
v 58.434700 592.626526 80.843002
v 58.743198 590.324829 83.212196
v 58.724602 588.614685 84.848099
v 19.215000 400.052002 -15.458900
v 18.904600 405.979187 -10.441400
v 18.041000 398.012085 -10.301100
v 16.020599 402.720612 5.344900
v 14.037700 408.804108 21.640301
v 12.976100 410.889313 28.746401
v 12.305300 410.962585 31.400299
v 11.494800 411.010101 34.339001
v 10.672300 411.094910 37.233799
v 9.965900 411.279907 39.756100
v 9.320800 411.609497 41.776299
v 8.682400 412.128113 43.164600
v 8.073400 412.750214 44.221699
v 7.516700 413.390503 45.248001
v 6.930800 413.976105 46.424000
v 6.234500 414.433807 47.930302
v 5.482300 414.771088 49.554001
v 4.728600 414.995392 51.082500
v 3.486700 415.141113 52.298698
v 1.269900 415.242615 52.985500
v -1.025600 415.282196 53.226299
v -2.503500 415.241699 53.105000
v -3.504300 415.139191 52.513599
v -4.368500 414.992706 51.344002
v -5.164700 414.767792 49.837700
v -5.961900 414.429993 48.236099
v -6.671400 413.971893 46.744400
v -7.204400 413.386108 45.567699
v -7.704300 412.745697 44.539799
v -8.314200 412.123413 43.494598
v -8.991300 411.604706 42.125000
v -9.693000 411.275299 40.123798
v -10.469800 411.090515 37.622200
v -11.372500 411.005890 34.751301
v -12.047600 410.958710 31.836100
v -12.141200 410.885803 29.201300
v -12.676600 408.801300 22.115900
v -14.677000 402.719086 5.849100
v -16.606001 398.011902 -10.350000
v -16.927401 400.052185 -17.232000
v -15.942900 405.978699 -13.517000
v -17.223600 412.111908 3.685400
v -13.954200 412.929688 2.074900
v -15.103200 418.189911 19.902901
v -12.025700 418.566803 18.495399
v -14.199100 420.329102 25.795500
v -11.221900 420.551086 24.696301
v -13.891100 420.500214 26.719200
v -10.953300 420.710999 25.882200
v -13.558700 420.674011 28.030001
v -10.630400 420.874603 27.258101
v -13.088300 420.858887 29.920900
v -10.166700 421.036896 29.131701
v -12.366000 421.063385 32.584999
v -9.475600 421.192902 31.810600
v -11.439500 421.259796 35.822800
v -8.608300 421.347290 35.073399
v -10.356500 421.420807 39.435200
v -7.615800 421.504913 38.698601
v -9.177000 421.509705 43.264500
v -6.535400 421.607605 42.534901
v -7.960800 421.490295 47.153198
v -5.404500 421.597198 46.431099
v -6.669800 421.401489 50.932301
v -4.254800 421.536285 50.207100
v -5.266000 421.282501 54.432800
v -3.117900 421.487915 53.682999
v -3.805500 421.195892 57.476799
v -2.003300 421.489594 56.666302
v -2.344300 421.204498 59.886398
v -0.920500 421.579407 58.964901
v -1.110600 421.300995 62.381199
v -0.035300 421.609009 60.335999
v -0.069800 421.166199 62.094200
v 0.486400 421.430115 60.536800
v 1.021000 421.289093 60.325199
v 1.945100 421.432007 60.458801
v 2.958000 421.612488 60.193199
v 5.031200 421.212799 59.665298
v 3.759200 421.584198 58.784000
v 6.127000 421.205994 57.238602
v 4.549300 421.495392 56.460800
v 7.450000 421.294098 54.188400
v 5.529300 421.494507 53.453098
v 8.837200 421.414215 50.681900
v 6.588800 421.543610 49.949902
v 10.125500 421.503387 46.886398
v 7.617500 421.604706 46.140202
v 11.329200 421.522888 42.976299
v 8.608000 421.615204 42.208401
v 12.462300 421.433685 39.125999
v 9.552900 421.512390 38.338600
v 13.519000 421.272400 35.500198
v 10.438200 421.354492 34.686401
v 14.493500 421.075409 32.263302
v 11.249700 421.199799 31.407400
v 15.296700 420.870392 29.607401
v 11.915000 421.043610 28.718800
v 15.839700 420.685211 27.724100
v 12.362000 420.881195 26.838200
v 16.188400 420.511108 26.457701
v 12.650000 420.717407 25.591700
v 16.408501 420.339691 25.652300
v 12.838400 420.557404 24.805500
v 17.170000 418.198914 20.293800
v 13.816000 418.572113 19.435600
v 19.143299 412.116608 5.368400
v 16.471500 412.932587 4.438400
v 5.953500 264.614014 -30.266701
v 11.578600 264.649200 -29.106899
v 0.230100 264.602295 -30.657801
v 0.230100 265.101013 -32.924400
v 6.251500 265.111389 -32.513699
v 12.169600 265.142700 -31.295700
v -5.493400 264.614014 -30.266701
v -11.118400 264.649109 -29.106899
v -11.709500 265.142700 -31.295601
v -5.791300 265.111389 -32.513699
v -16.546801 264.707489 -27.191900
v -21.687099 264.789093 -24.561300
v -22.830299 265.268097 -26.521400
v -17.421200 265.194885 -29.284401
v -26.447800 264.893799 -21.254700
v -30.825001 265.022614 -17.335300
v -32.388901 265.479797 -18.930500
v -27.840700 265.362701 -23.048000
v -34.814899 265.176392 -12.866100
v -38.134998 265.357208 -7.929300
v -39.788898 265.787598 -9.047200
v -36.411098 265.620605 -14.234800
v -40.502300 265.567108 -2.607000
v -42.100498 265.808899 2.964600
v -44.260399 266.208801 2.324300
v -42.403702 265.983093 -3.453600
v -43.112900 266.085388 8.649200
v -43.648399 271.968414 13.915300
v -45.903900 272.257904 13.302500
v -45.364201 266.466003 8.064900
v -43.815701 289.029785 18.231701
v -44.724602 311.580994 21.387400
v -46.980400 311.342194 20.662100
v -46.068501 289.087311 17.571199
v -47.484402 333.933685 23.171900
v -51.515499 355.226288 24.291500
v -53.727001 354.679810 23.531799
v -49.761799 333.410400 22.366100
v -56.238400 374.597809 25.452400
v -60.853100 393.010590 26.793800
v -63.042198 392.626709 25.913601
v -58.424900 374.092896 24.642700
v -64.560097 411.427399 28.454599
v -66.917900 430.226501 30.439501
v -69.149002 430.222687 29.627600
v -66.765099 411.258301 27.559099
v -67.485100 449.786194 32.753101
v -67.724899 469.114899 35.172901
v -70.023499 468.991302 34.808899
v -69.749199 449.754913 32.167099
v -69.100304 487.221313 37.476200
v -70.907898 504.026886 39.881901
v -73.226501 503.606812 39.563202
v -71.429497 487.068207 37.183899
v -72.444199 519.453491 42.608799
v -73.298103 526.567688 42.244499
v -75.460602 524.726929 41.915298
v -74.674004 518.228027 42.217400
v -73.058403 518.436523 35.376499
v -70.651497 503.291107 25.265600
v -72.895599 502.446289 25.464199
v -75.275200 516.898621 35.425400
v -65.003700 489.362793 15.172500
v -58.324200 477.103302 5.959000
v -60.243599 477.075806 4.748800
v -67.099701 489.074005 14.747700
v -52.822102 466.964111 -1.513100
v -47.213001 459.148407 -6.492300
v -48.861599 458.865814 -8.181600
v -54.683399 466.746002 -3.059800
v -40.212399 453.859192 -8.227100
v -32.616501 450.941315 -9.996200
v -33.118301 451.896088 -12.062100
v -41.220901 454.216187 -10.119800
v -25.221701 450.239594 -15.078300
v -17.481300 450.648010 -20.690399
v -18.418900 450.930206 -22.845699
v -25.911200 451.004700 -17.195900
v -8.848700 451.060394 -24.049200
v 0.230100 451.267609 -25.165400
v 0.230100 451.177887 -27.541401
v -9.460900 451.061096 -26.336100
v 9.308800 451.060394 -24.049200
v 17.941401 450.648010 -20.690399
v 18.879000 450.930389 -22.845900
v 9.921000 451.061096 -26.336100
v 25.681801 450.239594 -15.078300
v 33.076698 450.941315 -9.996100
v 33.583199 451.897186 -12.064700
v 26.371300 451.005005 -17.196600
v 40.672501 453.859314 -8.227000
v 47.629501 459.198303 -6.522400
v 49.271301 458.966705 -8.252100
v 41.699699 454.219299 -10.126400
v 53.107800 467.163513 -1.633800
v 58.523399 477.404999 5.774400
v 60.240601 477.660889 4.368700
v 54.848099 467.134888 -3.311900
v 65.292198 489.573212 15.037900
v 71.072701 503.359894 25.211300
v 73.299896 502.579193 25.341000
v 67.259201 489.481293 14.464500
v 73.523697 518.457275 35.349300
v 73.778099 526.586975 42.218700
v 75.955200 524.762573 41.865002
v 75.758904 516.937683 35.363800
v 72.969398 519.470581 42.586102
v 71.462402 504.039215 39.866100
v 73.784203 503.628601 39.535702
v 75.207603 518.259277 42.176601
v 69.622398 487.223602 37.473099
v 68.199600 469.109100 35.179901
v 70.499397 468.978607 34.822399
v 71.952904 487.070892 37.179501
v 67.944504 449.781097 32.759399
v 67.377800 430.225311 30.441099
v 69.609001 430.220215 29.630501
v 70.209297 449.744293 32.178799
v 65.020203 411.427399 28.454599
v 61.313202 393.010590 26.793800
v 63.502300 392.626801 25.913601
v 67.225197 411.258514 27.559200
v 56.698502 374.597809 25.452499
v 51.975601 355.226410 24.291500
v 54.192299 354.711395 23.533400
v 58.885101 374.092896 24.642799
v 47.944500 333.933685 23.171900
v 45.184700 311.581085 21.387400
v 47.445702 311.373688 20.663799
v 50.242802 333.536713 22.372499
v 44.275902 289.029785 18.231701
v 44.108501 271.968414 13.915400
v 46.363998 272.257904 13.302500
v 46.528599 289.087311 17.571301
v 43.573002 266.085388 8.649200
v 42.486198 265.808899 2.964600
v 44.702000 266.208801 2.324300
v 45.824299 266.466095 8.064900
v 40.665001 265.567108 -2.607000
v 38.148899 265.357086 -7.929300
v 40.137501 265.787598 -9.047100
v 42.789398 265.983093 -3.453600
v 34.977600 265.176392 -12.866100
v 31.210800 265.022614 -17.335300
v 32.830502 265.479797 -18.930500
v 36.796902 265.620605 -14.234800
v 26.907900 264.893799 -21.254700
v 22.147301 264.789093 -24.561300
v 23.290501 265.268097 -26.521299
v 28.300900 265.362701 -23.048000
v 17.007000 264.707489 -27.191900
v 17.881300 265.194885 -29.284401
v 6.493100 266.355286 -34.204601
v 12.649300 266.382690 -32.940899
v 0.230100 266.346100 -34.630600
v -6.033000 266.355194 -34.204601
v -12.189200 266.382690 -32.940899
v -18.131701 266.428589 -30.854000
v -23.760700 266.493591 -27.986601
v -28.976801 266.577911 -24.381399
v -33.694302 266.683289 -20.106501
v -37.827801 266.811188 -15.230400
v -41.311901 266.964386 -9.842300
v -44.080898 267.145813 -4.031700
v -46.060299 267.351288 1.815100
v -47.175598 267.577087 7.312000
v -47.681301 273.181091 12.219400
v -47.832001 289.520691 16.297701
v -48.778999 311.179810 19.230600
v -51.673801 332.742096 20.701599
v -55.490200 354.190491 22.055599
v -53.845699 340.295105 19.541599
v -52.616901 331.646606 18.637199
v -51.263100 324.790894 19.118299
v -60.142200 373.726898 23.176300
v -64.767097 392.395996 24.389500
v -68.502502 411.242401 26.021099
v -70.913300 430.376404 28.155800
v -71.564499 449.908386 30.878500
v -71.907799 469.087402 33.701500
v -73.394897 487.162415 36.136799
v -75.166801 502.932587 38.382900
v -77.108101 487.296112 34.178699
v -76.364601 515.197327 40.638100
v -76.969704 519.938782 40.347500
v -76.963402 513.139587 34.956402
v -74.844803 500.613495 25.994900
v -69.113098 488.174011 14.992900
v -62.237801 476.380096 4.236100
v -56.688499 465.790314 -3.990000
v -50.714500 457.727386 -9.383300
v -51.998699 455.242889 -10.298300
v -58.026699 463.195190 -4.740100
v -42.565300 453.513489 -11.642200
v -34.027199 451.616486 -13.840800
v -43.838799 451.133301 -12.957600
v -26.886499 450.503693 -19.053301
v -19.470699 449.983795 -24.740700
v -10.107300 449.865387 -28.363899
v 0.230100 449.906494 -29.659500
v 10.567400 449.865387 -28.363899
v 19.930901 449.984100 -24.741501
v 27.346800 450.504608 -19.056400
v 34.506302 451.620697 -13.851300
v 43.100300 453.525909 -11.668600
v 51.190701 457.881714 -9.514400
v 56.839001 466.349396 -4.394500
v 62.150200 477.211792 3.638700
v 69.228996 488.751709 14.533000
v 75.276100 500.801300 25.773701
v 77.492104 513.192688 34.846001
v 77.498703 519.984985 40.275799
v 76.917297 515.236816 40.588600
v 75.730904 502.959290 38.352402
v 73.922302 487.163208 36.134800
v 72.388901 469.067993 33.720402
v 77.816399 487.294708 34.042301
v 72.027901 449.893188 30.893999
v 71.374199 430.373199 28.159500
v 68.962601 411.242889 26.021000
v 65.227203 392.396210 24.389500
v 60.602299 373.726990 23.176399
v 55.971199 354.316711 22.062099
v 57.129700 355.683990 19.535299
v 61.368900 373.151215 20.381500
v 52.217400 333.246887 20.727301
v 49.259998 311.306000 19.237101
v 54.497799 341.368011 19.596100
v 48.292099 289.520691 16.297800
v 48.141399 273.181091 12.219400
v 47.635700 267.577209 7.312000
v 46.520401 267.351288 1.815200
v 44.541000 267.145813 -4.031700
v 41.771999 266.964386 -9.842300
v 38.287998 266.811188 -15.230400
v 34.154499 266.683289 -20.106501
v 29.437000 266.577911 -24.381300
v 24.220900 266.493591 -27.986601
v 18.591801 266.428589 -30.854000
v -3.271300 604.942383 143.922699
v -3.098700 606.300781 143.301895
v -2.877300 607.996399 142.713898
v -2.674000 609.495728 141.829803
v -2.555300 610.265076 140.320908
v 13.739100 605.146484 143.838196
v 13.551700 606.600830 142.512802
v 13.213900 608.572876 140.569305
v 12.586100 610.305115 138.241501
v 11.529200 611.039429 135.763000
v 10.498300 611.175171 133.445602
v 9.949100 611.111877 131.601303
v -0.846800 421.288086 63.952301
v -0.770200 421.333099 64.841599
v -1.578400 421.549103 65.042099
v -2.541900 422.118805 66.939697
v -2.798500 421.775513 64.296600
v -2.385400 421.011993 63.082401
v -3.679800 421.483795 62.574200
v -3.948700 422.580200 64.509804
v -2.597600 420.737396 62.020100
v -3.456600 420.640289 60.885700
v -4.811400 420.872803 58.722500
v -5.881100 422.406403 61.576099
v -7.084500 424.220093 64.496498
v -9.182400 423.619812 59.249298
v -11.773700 426.295013 62.820202
v -6.673900 421.245087 55.741901
v -8.485600 421.640289 52.255001
v -12.726600 424.865692 56.267601
v -17.014799 428.408691 60.390701
v -15.657000 425.886200 53.305000
v -21.806200 430.164795 58.118099
v -9.688200 421.942200 48.573299
v -10.595400 422.046814 44.727901
v -18.026100 426.365601 49.972301
v -25.822701 431.035400 55.272598
v -19.886499 425.988495 45.880001
v -28.739100 430.492706 51.124100
v -11.520500 421.850189 40.750000
v 3.075400 434.777496 69.207703
v 1.703300 426.396515 65.767197
v 4.510100 442.701508 73.454201
v 8.877800 442.748291 72.125198
v 6.324700 435.178497 68.229500
v 3.886400 427.160797 65.130898
v 9.922100 435.753510 66.654999
v 6.775800 428.397614 64.117996
v 13.214700 442.659912 69.990303
v 17.493601 442.309113 67.100998
v 13.934200 436.390015 64.463898
v 10.530000 430.009399 62.628700
v 18.427799 436.975098 61.635601
v 15.307400 431.898285 60.563599
v 21.687500 441.569000 63.508499
v 25.758499 440.654694 59.888802
v 23.008301 437.471100 58.442699
v 20.381399 433.781708 57.826900
v 27.281200 437.840515 55.157299
v 25.025700 435.377289 54.322800
v 29.668200 439.781586 56.917599
v 33.844799 438.852692 54.013901
v 31.024599 437.783112 52.318501
v 29.471201 436.208191 51.133801
v 34.016800 436.998993 50.465199
v 33.949402 435.797913 49.342201
v 36.209702 437.118988 50.875500
v 38.172100 435.023102 47.714401
v -36.625801 425.939606 39.082802
v -35.605801 429.017914 44.103600
v -35.517300 428.882111 44.146198
v -36.568401 425.814697 39.317200
v -34.218601 431.681702 48.755100
v -34.087700 431.535004 48.582100
v -33.998199 431.300903 48.453098
v -35.445499 428.653107 44.096500
v -36.467400 425.588013 39.307499
v -31.958200 433.497894 53.160301
v -31.854900 433.342407 52.960602
v -28.541300 434.067200 57.001701
v -28.496799 433.910187 56.863899
v -28.450001 433.672607 56.823200
v -31.774401 433.103088 52.870201
v -23.684999 432.990387 59.962002
v -23.691299 432.844208 59.874001
v -18.240499 430.889191 62.326599
v -18.270500 430.759705 62.284401
v -18.287100 430.558807 62.144798
v -23.701099 432.622192 59.787498
v -13.058800 428.385498 64.380501
v -13.066500 428.271790 64.388397
v -8.560700 425.894806 65.988701
v -8.552800 425.795685 66.036201
v -8.323200 425.635315 65.897102
v -12.967600 428.089508 64.276497
v -5.166900 423.833191 67.016296
v -5.202800 423.747009 67.078102
v -3.000200 422.318604 67.170601
v -2.751600 422.191193 66.493896
v -4.934600 423.617401 66.720802
v -1.928600 421.703613 65.970200
v -1.724400 421.511902 64.962700
v -22.440500 410.208496 -4.791600
v -22.380301 408.631805 -6.699300
v -22.729900 411.883087 0.353300
v -23.489700 411.217285 0.335100
v -23.650700 411.552612 2.495500
v -24.565201 411.218292 3.028800
v -26.348499 410.826111 4.684700
v -27.061199 410.448395 5.183800
v -27.235399 409.973114 5.634800
v -25.201300 410.787994 3.590100
v -35.352798 415.473907 19.535101
v -37.193699 417.382294 23.538500
v -37.035099 417.273987 23.638100
v -35.248299 415.364288 19.691900
v -38.250801 419.979889 28.182800
v -38.067600 419.870087 28.268101
v -37.716599 419.631805 27.977301
v -36.800400 417.025299 23.483200
v -35.173698 415.104309 19.729601
v -37.784500 422.879700 33.570000
v -37.665298 422.763794 33.759499
v -37.415001 422.533386 33.593300
v 38.860901 415.460114 18.344200
v 36.974998 414.629211 15.148100
v 36.921902 414.519104 15.334500
v 38.793999 415.352203 18.520500
v 34.665798 413.982391 12.374100
v 34.615700 413.868500 12.559900
v 34.560799 413.594788 12.647500
v 36.858501 414.251801 15.413200
v 38.720200 415.092804 18.584101
v 25.741400 410.177887 -3.642900
v 26.425301 412.019897 0.819400
v 24.613199 408.619995 -5.581900
v 26.099899 411.406311 0.389800
v 3.613500 421.505615 65.762901
v 3.832900 421.355408 64.722198
v 4.051800 422.002594 66.867599
v 4.224000 421.889313 66.154800
v 6.167500 423.368896 66.505096
v 6.197900 423.282593 66.555901
v 9.725400 425.217285 65.228699
v 9.740600 425.119110 65.283699
v 9.801300 424.960114 65.123199
v 6.311800 423.156097 66.161201
v 14.369100 427.396790 63.446400
v 14.368700 427.285797 63.506901
v 19.507601 429.579010 61.215199
v 19.513901 429.454803 61.326199
v 19.540300 429.259186 61.280800
v 14.397400 427.105988 63.422600
v 24.549999 431.435486 58.592300
v 24.608200 431.298187 58.842400
v 29.335100 432.583496 55.771900
v 29.420000 432.436493 56.122398
v 29.499201 432.208710 56.290199
v 24.670601 431.085114 58.918999
v 33.702000 432.640198 52.948399
v 33.717800 432.490295 53.233002
v 37.010601 431.499512 49.392101
v 36.938400 431.353394 49.567902
v 36.884102 431.116608 49.590801
v 33.737301 432.254791 53.347500
v 38.620800 429.055115 44.373501
v 38.518501 428.919495 44.520599
v 39.491199 425.968109 38.631302
v 39.387699 425.844604 38.786598
v 39.306499 425.616608 38.796001
v 38.438801 428.687408 44.520100
v 40.580200 422.899200 32.903999
v 40.475498 422.784607 33.061501
v 41.135601 419.989014 27.447901
v 41.035301 419.879913 27.607300
v 40.951302 419.641205 27.635900
v 40.392200 422.553711 33.079399
v 40.405102 417.377991 22.519400
v 40.319901 417.270813 22.685900
v 40.239201 417.021698 22.731300
v -35.446301 428.031891 44.054298
v -36.363800 424.939209 39.251900
v -33.956699 430.695709 48.308399
v -31.718800 432.508698 52.856098
v -28.427999 433.092712 56.924400
v -23.780199 432.069489 59.740601
v -18.368401 430.040802 61.931702
v -12.786000 427.607788 64.124901
v -7.866100 425.203186 65.660400
v -4.441700 423.259888 65.878304
v -2.444200 421.876495 65.173203
v -1.805100 421.151398 63.939301
v -2.149000 420.845490 62.270000
v -3.100500 420.719299 60.258301
v -4.430500 420.729797 57.759201
v -5.909900 420.833710 54.627701
v -7.273300 420.960907 51.045700
v -8.255700 421.041107 47.195000
v -9.088000 421.042114 43.243801
v -10.001000 420.931793 39.360401
v -10.882000 420.739807 35.703800
v -11.618000 420.495911 32.433102
v -12.170300 420.259003 29.740499
v -12.500100 420.087494 27.818199
v -12.718500 419.951996 26.513399
v -12.936900 419.823212 25.673000
v -13.524800 417.485901 20.056200
v -14.851800 410.725189 4.422400
v -17.045099 405.246490 -8.716800
v -20.231800 406.755005 -6.849400
v -23.381001 410.042206 0.614900
v -25.461700 409.899414 4.266600
v -27.164900 409.130890 6.468000
v -36.285999 416.230011 22.942301
v -35.092602 414.264099 19.700001
v -36.897499 418.886200 27.086300
v -36.885502 421.839996 33.059299
v 36.859600 413.380615 15.521000
v 38.713799 414.252197 18.678499
v 34.560398 412.700287 12.754500
v 21.819401 406.745087 -6.371800
v 25.396999 410.217010 0.258100
v 18.559200 405.243896 -7.400600
v 17.514000 410.729614 5.479200
v 17.531099 417.495392 20.502300
v 17.457399 419.834503 25.903299
v 17.249201 419.963715 26.719200
v 16.862700 420.099396 27.987200
v 16.261299 420.271393 29.863600
v 15.408300 420.509003 32.505001
v 14.387300 420.753387 35.725899
v 13.282000 420.946014 39.340698
v 12.094800 421.056702 43.181999
v 10.828300 421.055695 47.082100
v 9.460700 420.975098 50.870602
v 7.970100 420.846588 54.376900
v 6.534100 420.740906 57.443199
v 5.330000 420.728394 59.911900
v 4.456800 420.817993 61.913300
v 4.013100 421.018311 63.577702
v 4.533400 421.594299 64.740601
v 6.551500 422.810913 65.237801
v 9.906900 424.534485 64.852699
v 14.438800 426.631714 63.368900
v 19.573000 428.752502 61.261700
v 24.735600 430.546997 59.006401
v 29.586300 431.642700 56.457001
v 33.784599 431.667206 53.467701
v 36.878399 430.510712 49.629398
v 38.415298 428.063507 44.533001
v 39.282001 424.965912 38.815201
v 40.365200 421.858490 33.112701
v 40.924999 418.893585 27.688499
v 40.221699 416.224091 22.805700
v -37.234600 426.859711 12.280500
v -35.951401 427.828094 9.844300
v -38.158298 429.443604 9.655500
v -38.302898 426.746704 13.708400
v -33.432499 427.238312 6.856100
v -33.075699 426.930115 5.025100
v -43.603401 432.742615 17.102200
v -39.610001 427.174591 17.313601
v -46.296902 436.540588 23.391300
v -41.027199 428.984985 21.841801
v -47.192101 440.937500 29.559099
v -42.105801 431.869995 27.562799
v -47.242699 446.033600 36.641899
v -42.397202 435.521606 34.746300
v -46.454800 451.236298 43.208099
v -41.810200 439.032990 41.966801
v -44.834499 455.952789 47.826000
v -40.254002 441.497314 47.798698
v -42.715900 460.259613 51.406200
v -38.162399 443.154602 52.137299
v -40.432899 464.233093 54.859299
v -35.969398 444.244690 54.877899
v -30.280199 429.363403 1.738900
v -25.748100 421.344208 -1.159800
v -21.833099 417.869904 -5.916900
v -25.975300 423.876404 -3.255000
v -22.475401 412.320801 -2.125800
v -18.006599 410.994598 -8.062100
v -16.620399 410.551300 -10.192400
v -17.791901 414.821991 -10.209000
v -22.152399 419.648407 -6.919700
v 22.780600 419.030212 -6.181400
v 20.628401 415.246094 -6.872300
v 24.191500 417.949402 -4.597600
v 27.342199 422.629211 -3.820300
v 19.799900 412.963287 -6.140300
v 21.102800 413.525604 -4.706800
v 23.471901 415.197296 -1.520700
v 27.193600 421.296814 -1.999700
v 32.618099 426.974915 -0.447500
v 34.267899 420.975006 12.232300
v 37.610199 421.729309 14.218000
v 40.224602 425.738586 14.140900
v 37.611301 426.184814 12.364500
v 39.763901 422.668488 16.626301
v 42.250198 426.552490 16.799601
v 44.731201 429.167297 17.095200
v 42.777401 428.450806 14.008200
v 40.453499 429.269714 11.486200
v 43.508400 428.273987 21.093399
v 45.521599 430.934998 21.740999
v 41.495602 424.404785 20.618099
v 42.340199 426.672211 25.643200
v 43.843800 430.554504 26.417601
v 45.332500 433.308990 27.356400
v 43.100899 433.045197 32.167702
v 44.347500 435.844391 33.352200
v 41.832500 429.205109 31.151199
v 40.749599 431.582214 36.878101
v 41.813599 435.082001 37.996399
v 42.846199 437.703796 39.299500
v 40.515800 436.000488 43.556400
v 41.108200 438.049591 44.769402
v 39.868698 433.382385 42.559700
v 39.110199 436.523407 48.083599
v 39.133701 437.910187 49.252201
v 37.499500 437.373199 50.814098
v 36.922901 438.313904 52.238201
v 31.127001 432.929291 7.085500
v 30.861601 433.256012 6.298200
v 28.627199 431.613403 4.965800
v 29.959200 431.835297 6.949900
v 31.023701 433.689697 5.445000
v 29.854099 433.322205 4.193300
v 28.626600 432.827515 2.664700
v 27.124399 431.426514 2.535700
v 25.386999 429.574493 2.331800
v 25.876600 429.149414 3.634600
v 26.063200 428.433197 4.759400
v 27.703800 429.624390 5.943900
v 28.854300 430.330109 7.083400
v 31.851700 412.617096 9.465000
v 31.787399 412.497803 9.629100
v 29.240000 411.603912 6.579600
v 29.163601 411.479797 6.725400
v 29.108400 411.193115 6.806900
v 31.733999 412.217804 9.716000
v -34.882900 429.824493 11.476300
v -36.867802 428.425415 14.327300
v -35.648602 425.218597 14.538700
v -33.384800 425.596313 12.323500
v -34.411701 420.826508 14.770300
v -30.937401 419.040314 11.668800
v -31.390499 413.856415 12.555000
v -33.467701 414.641602 16.070601
v -33.387901 414.529694 16.251801
v -31.425301 413.700806 12.787200
v -33.343601 414.259491 16.335300
v -31.370001 413.391815 12.903600
v 18.370300 413.833588 -6.446100
v 21.859301 418.356598 -5.281100
v 17.283800 410.976410 -5.885600
v 19.234600 410.910614 -5.378600
v 19.809299 413.735596 -6.528200
v 20.655100 411.446014 -3.081100
v 25.188400 412.766205 0.543900
v 25.134899 413.068695 0.127500
v 21.729799 411.564301 -2.937500
v 31.901300 413.049591 9.149000
v 29.332800 412.049591 6.322200
v 34.651901 414.397186 11.972100
v 34.545898 415.399902 11.713700
v 31.791000 413.741302 8.967400
v 29.179899 412.450989 6.103400
v 36.942902 415.028687 14.717400
v 38.846901 415.845703 17.911699
v 38.827400 416.989685 17.373899
v 36.867500 416.159912 14.314700
v 40.436298 417.749908 22.081800
v 41.211102 420.347687 27.003300
v 41.343102 421.392303 26.408100
v 40.497101 418.857300 21.494499
v 40.671001 423.245392 32.451801
v 39.582500 426.305389 38.174301
v 39.755600 427.188385 37.559299
v 40.832199 424.224609 31.846100
v 38.712002 429.389587 43.917900
v 37.069500 431.833099 48.894901
v 37.228401 432.441589 48.183102
v 38.904499 430.117889 43.298401
v 33.665401 432.971008 52.317600
v 29.230900 432.907593 55.056999
v 29.120899 433.571503 53.870998
v 33.676498 433.587799 51.332802
v 24.497400 431.747009 57.984100
v 19.535299 429.871887 60.765099
v 19.557600 430.500305 59.921700
v 24.434000 432.407501 56.920898
v 14.415100 427.664886 63.065899
v 9.756300 425.460602 64.852798
v 9.734400 426.013397 64.105598
v 14.434200 428.254089 62.312698
v 6.178300 423.593689 66.091797
v 3.557900 422.175293 66.484596
v 3.447200 422.675812 65.990898
v 6.129400 424.122894 65.312103
v 1.771700 421.316193 65.733200
v 0.491800 421.064087 65.096497
v 0.241700 421.481598 66.207703
v 1.515900 421.765411 66.200699
v -0.609800 421.466614 65.834000
v -2.150300 422.480011 66.738098
v -1.653000 422.979492 66.210297
v -0.469300 421.914703 66.278397
v -4.747200 424.060791 66.601501
v -8.353000 426.143097 65.665901
v -8.186800 426.701385 64.956497
v -4.345400 424.591187 65.801003
v -12.920400 428.661407 64.173103
v -18.118601 431.192993 62.247501
v -18.026501 431.838501 61.781799
v -12.817000 429.261505 63.582901
v -23.616301 433.315186 60.013401
v -28.556601 434.405212 57.191299
v -28.669399 435.094391 56.980701
v -23.605499 433.999512 59.654900
v -32.082199 433.840698 53.501900
v -34.384499 432.024506 49.032101
v -34.704399 432.638885 49.136799
v -32.333698 434.473511 53.537601
v -35.654900 429.359894 43.868900
v -36.598701 426.282806 38.405998
v -36.749001 427.171906 37.739201
v -35.887402 430.092712 43.589100
v -37.920898 423.229614 33.037102
v -38.566299 420.340607 27.945801
v -38.899200 421.386810 27.534599
v -38.155399 424.212891 32.431801
v -37.479900 417.756500 23.315800
v -35.523602 415.862793 19.207300
v -35.720100 416.968689 18.760799
v -37.772999 418.864502 22.915199
v -33.559399 415.044891 15.680300
v -31.177700 414.287689 12.032700
v -30.913799 414.982697 11.566500
v -33.683899 416.021912 15.258500
v -22.554501 412.153107 1.902900
v -24.804001 411.375793 3.706900
v -20.585899 412.457214 0.272900
v -20.961599 412.148193 -0.080800
v -21.519300 412.002594 1.285100
v -22.876301 411.238098 2.833900
v -18.263500 409.837402 -3.060700
v -16.930201 408.353302 -6.184500
v -18.790701 406.736389 -6.822800
v -19.576200 408.720093 -3.540800
v -17.928600 412.064392 -7.185200
v -20.772600 417.479614 -6.355200
v -22.543200 417.635895 -6.672600
v -20.033001 411.215393 -7.654600
v -24.975901 421.107513 -3.986800
v -28.839600 423.650208 -0.784800
v -28.414801 423.926788 -1.512500
v -25.561800 421.476807 -4.513000
v -30.664900 425.809814 2.546200
v -32.101299 427.118713 5.973100
v -32.239498 427.531586 5.622100
v -30.427900 426.174286 1.992000
v -34.798500 427.109406 9.463000
v -37.265099 426.411011 12.522200
v -36.496899 426.492188 11.933700
v -34.487499 427.311188 8.999400
v -38.009899 425.652893 14.657000
v -38.327400 425.553406 17.126900
v -38.502998 426.346313 16.990499
v -37.592499 426.053802 14.234800
v -39.512001 426.830902 21.191200
v -40.700802 429.193390 26.817801
v -41.124001 430.029999 26.932800
v -39.957199 427.719696 21.288500
v -41.030701 432.348785 33.974800
v -40.437599 435.285492 41.305099
v -40.310699 435.977692 40.673500
v -41.172100 433.132904 33.727402
v -38.857101 436.991913 47.452202
v -36.741199 437.759705 51.993599
v -36.735001 438.145691 51.397301
v -38.748699 437.513489 46.772400
v -34.541599 437.880310 54.507099
v -32.161701 438.034393 56.656200
v -32.055500 438.497986 56.056198
v -34.518799 438.279297 53.921200
v -29.504801 438.902496 60.104099
v -26.450500 440.196686 64.150597
v -26.197500 440.674500 63.535500
v -29.301100 439.385590 59.514000
v -22.878500 441.628998 68.095497
v -18.843100 442.869293 71.718002
v -18.744699 443.328094 70.858902
v -22.687000 442.097504 67.361397
v -14.398700 443.587311 74.796997
v -9.666700 443.913788 77.164703
v -9.636100 444.363800 76.260101
v -14.345700 444.039398 73.895500
v -4.768800 443.979401 78.653198
v 0.212100 443.948486 79.176102
v 0.194900 444.406006 78.260696
v -4.761800 444.433197 77.741997
v 5.193000 443.985504 78.647400
v 10.091000 443.928986 77.151703
v 10.025900 444.378815 76.248299
v 5.151600 444.440613 77.736099
v 14.822900 443.617493 74.773399
v 19.317699 442.913513 71.604103
v 19.211300 443.357391 70.713997
v 14.735500 444.062408 73.877998
v 23.504299 441.679199 67.735497
v 27.427601 440.247986 63.972801
v 27.311701 440.707489 63.078602
v 23.384001 442.129913 66.845200
v 31.132900 438.952698 61.121498
v 34.441700 438.049805 58.429798
v 34.403301 438.496490 57.567600
v 31.052500 439.417908 60.221100
v 37.175999 437.795410 55.145802
v 39.532398 437.673889 51.110500
v 39.526501 438.045013 50.516602
v 37.160999 438.178314 54.412998
v 41.707600 437.169708 46.165100
v 43.619202 435.920288 40.535599
v 43.608501 436.601410 40.036400
v 41.700802 437.677704 45.638100
v 45.184799 433.563202 34.448101
v 46.097801 430.742188 28.260599
v 46.175301 431.573303 27.856100
v 45.174099 434.341003 33.970200
v 46.051601 428.100891 22.330999
v 45.125000 426.165100 17.356600
v 45.514400 426.995911 17.253700
v 46.389801 428.975098 22.110399
v 43.397099 425.460907 14.034700
v 41.567200 425.724487 11.734700
v 40.929600 426.153015 11.327700
v 43.246101 426.085114 13.806400
v 40.335098 426.692108 9.826100
v 38.423100 427.607391 7.535800
v 38.120300 428.066711 7.133300
v 39.909599 427.110107 9.376500
v 34.553799 427.713898 4.090400
v 29.915300 426.357697 0.329300
v 28.400299 426.856415 0.050200
v 33.495499 428.132812 3.778400
v 25.695700 422.885010 -2.908600
v 25.199699 423.785309 -3.313000
v 19.331800 412.959503 -7.012700
v 18.969500 411.079712 -6.093100
v 21.080601 411.827393 -3.816400
v 24.062201 413.046600 -0.716500
v 31.375299 414.638397 9.206800
v 28.519100 412.441895 6.073400
v 34.319401 417.277313 11.958000
v 30.284700 416.687592 9.241700
v 27.254499 413.840790 5.933700
v 36.790600 418.464905 14.212000
v 38.878101 419.372406 16.881500
v 40.671001 421.170685 20.879200
v 41.612999 423.559387 25.797400
v 41.147800 426.238007 31.228300
v 40.104099 428.949188 36.929798
v 39.310902 431.435211 42.659698
v 37.599998 433.411987 47.363300
v 33.803600 434.595490 49.986198
v 29.018900 434.738007 52.107300
v 24.343300 433.591888 55.305599
v 19.535500 431.630798 58.631100
v 14.353900 429.328186 61.133999
v 9.561200 427.040100 62.936699
v 5.920100 425.122498 64.162300
v 3.242000 423.665405 64.962196
v 1.338300 422.758911 65.488403
v 0.132400 422.479309 65.692001
v -0.452600 422.903015 65.524002
v -1.567600 423.961395 65.111801
v -4.363400 425.586304 64.582298
v -8.319200 427.730591 63.749298
v -12.914000 430.347412 62.426399
v -18.085800 432.993011 60.664299
v -23.772499 435.224213 58.513401
v -29.006300 436.304688 55.917301
v -32.819401 435.498810 52.819599
v -35.297401 433.599792 48.793201
v -36.525902 431.401489 43.411201
v -37.338600 428.934387 37.534901
v -38.569099 426.229095 32.025600
v -39.134602 423.553314 26.926800
v -37.952400 421.174500 22.281900
v -35.901901 419.229492 18.248100
v -33.862400 417.855011 14.982700
v -30.726000 415.929810 11.502600
v -20.787500 410.083893 0.676100
v -21.013901 409.554108 2.649400
v -21.106701 410.786285 -1.488800
v -20.060301 410.182495 0.315200
v -19.669001 410.050293 2.927600
v -18.372400 408.525299 -6.239000
v -16.296200 407.614899 -10.132100
v -18.589600 412.369202 -9.725400
v -22.820499 419.005005 -6.897800
v -26.556601 423.739288 -3.528000
v -29.628500 426.724792 -0.041700
v -31.866699 428.114502 3.135700
v -33.512402 428.496002 6.098600
v -34.145000 430.144287 6.706400
v -32.720901 430.670502 4.420400
v -34.806801 428.457001 8.941400
v -36.005501 428.178406 11.641300
v -34.680401 430.314697 9.027200
v -37.363800 427.840912 14.175500
v -38.883999 428.020386 17.352900
v -40.568600 429.293091 21.982700
v -41.522400 431.502411 27.516001
v -40.850399 434.492004 33.404202
v -39.403702 437.093597 39.522301
v -38.033600 438.139313 45.745602
v -36.426701 438.383514 50.770699
v -34.270000 438.580994 53.294399
v -31.747200 439.018890 55.159302
v -29.042101 439.984711 58.208000
v -26.003300 441.272003 61.903301
v -22.479500 442.674286 65.708000
v -18.514299 443.879211 69.298103
v -14.151000 444.574097 72.349701
v -9.508200 444.891205 74.692101
v -4.704700 444.962891 76.154503
v 0.179100 444.938507 76.664803
v 5.063000 444.967590 76.151001
v 9.866500 444.900208 74.685501
v 14.509300 444.586304 72.340797
v 18.927900 443.893799 69.198700
v 23.059000 442.690186 65.340599
v 26.974100 441.288300 61.575699
v 30.744801 440.000793 58.712700
v 34.143600 439.002197 56.188801
v 36.943298 438.466705 53.440800
v 39.333000 438.270508 49.980202
v 41.502102 438.289886 45.318100
v 43.397598 437.703094 39.801899
v 44.966801 435.688904 33.778999
v 46.014900 433.038788 27.695299
v 46.347599 430.544312 21.996901
v 45.601200 428.655914 17.206499
v 43.412102 427.824005 13.847200
v 41.179199 427.752594 11.399900
v 40.301601 428.145599 9.345900
v 38.896500 428.514313 6.977700
v 39.035999 429.545898 6.774700
v 40.030701 429.763611 9.193000
v 35.081001 428.370392 3.588100
v 30.687901 427.351410 0.064200
v 36.473701 429.230988 3.417300
v 27.550100 425.095490 -2.706500
v -24.571600 425.075989 -0.248400
v -21.165300 418.708588 -1.061000
v -28.134399 431.146912 1.871100
v -25.459499 432.546204 1.252500
v -22.111900 428.352509 -0.517000
v -19.402901 424.415009 -0.794600
v -30.730400 432.882294 4.289400
v -32.362202 432.608612 6.749700
v -29.868000 434.623993 6.559700
v -28.053600 434.310913 3.835100
v -33.032398 432.651886 8.995100
v -32.585701 431.547913 10.600800
v -30.636801 433.259888 10.122200
v -30.876200 434.462708 8.755000
v -30.866800 427.832489 11.141800
v -27.730600 423.131500 10.142200
v -25.768999 427.369598 9.374800
v -28.708099 430.448792 10.362500
v -19.038799 416.083710 0.441500
v -19.293800 416.453613 3.442700
v -18.724501 423.418488 1.098200
v -19.836300 424.141815 4.077100
v 26.806900 425.515686 -0.890100
v 31.538601 429.883606 0.387400
v 23.167601 420.899414 -0.418500
v 22.458799 425.689697 0.169200
v 25.530800 429.185913 -0.278400
v 29.479900 432.469391 0.727400
v 28.149401 420.836090 8.446900
v 25.290100 418.466187 5.385800
v 31.367901 424.478485 10.476900
v 29.248600 427.682190 9.115400
v 26.441900 425.173706 7.394500
v 23.998100 423.667786 4.840400
v 34.589699 428.243713 10.717600
v 36.958199 431.078400 9.805400
v 34.057301 432.798798 8.547500
v 32.026299 430.512604 9.302400
v 37.616501 431.929596 8.376800
v 36.823399 431.756714 6.230200
v 33.949902 433.760315 5.718100
v 34.623600 433.674591 7.442900
v 34.837399 431.519287 3.163900
v 32.260799 433.676514 3.103000
v -22.498100 425.363007 7.057800
v -23.032000 419.070709 7.126000
v -24.168100 413.601013 7.066500
v -25.384899 412.332794 6.824900
v -26.659599 412.809814 6.843000
v -27.968800 412.575989 7.562500
v -28.972900 412.089386 8.398800
v -29.332100 411.808105 8.767200
v -29.312799 411.402008 9.038000
v -29.181601 410.540894 9.581500
v -31.312599 412.500610 13.079000
v -33.358898 413.381409 16.431999
v 31.717100 411.302795 9.800300
v 29.078800 410.259705 6.871600
v 22.309099 423.845093 2.153700
v 23.145700 418.518402 2.052100
v 24.861099 413.821503 2.264900
v 26.311600 412.581390 2.672900
v 27.289700 412.795502 3.148900
v 27.588100 412.461304 3.566100
v 27.538000 412.013611 3.876400
v 27.471100 411.887207 4.032200
v 27.414301 411.593292 4.108800
v 27.394501 410.643188 4.181700
v -22.177200 430.461090 0.700000
v -20.249701 428.124390 0.683300
v -24.758101 433.151215 1.986300
v -26.849199 434.517303 4.149900
v -28.366301 434.925415 6.467700
v -29.225401 434.741302 8.216600
v -29.064699 433.807404 9.233200
v -27.522301 431.966400 9.354400
v -25.297100 430.102295 8.581500
v -23.087700 429.099304 6.916200
v -21.244699 428.492706 4.713500
v -20.118799 427.817993 2.328500
v 25.864500 430.886688 0.825600
v 28.762300 433.274200 1.591700
v 23.616301 428.335388 1.196400
v 23.495001 426.974396 2.689300
v 24.750900 426.795502 4.708100
v 26.634399 427.790497 6.656800
v 28.771299 429.531189 8.004700
v 30.787500 431.589111 8.221000
v 32.222599 433.307587 7.725200
v 32.616199 434.029785 6.936900
v 32.106602 434.170288 5.612800
v 30.832500 434.143585 3.509200
v 58.527401 438.376587 -12.033400
v 58.929199 447.115997 -10.707300
v 50.961601 432.806885 -18.497400
v 50.890800 440.377289 -16.794100
v 43.213799 428.229889 -23.982700
v 43.100899 434.135406 -22.070400
v 36.061199 424.492889 -28.351601
v 35.592300 428.214508 -26.768999
v 30.281200 421.442810 -31.466499
v 28.397600 422.438904 -31.122499
v 27.757700 415.709808 -33.405701
v 23.272200 417.085693 -34.340698
v 25.371300 406.501007 -34.708599
v 20.720400 413.076111 -35.748798
v 29.377501 400.049408 -32.780701
v 25.942801 394.989288 -34.076900
v 22.660101 396.652313 -35.833698
v 16.708500 395.303589 -37.606400
v 17.080999 403.495697 -37.210800
v 16.448400 410.388397 -36.822102
v 1.115700 394.056793 -36.747799
v 0.912300 393.925903 -36.376999
v 0.720900 394.262299 -35.868198
v 0.912300 394.392090 -36.355202
v 0.543000 394.044403 -36.817799
v 0.360100 394.380096 -36.422699
v 0.543000 394.527802 -36.795200
v 0.474600 395.179199 -39.611000
v -0.193100 394.375885 -39.472698
v -1.608800 394.720093 -39.799500
v -0.886700 395.748810 -39.838902
v -3.455800 391.769897 -39.546700
v -7.304700 385.040314 -38.893902
v -8.303400 378.354889 -38.576000
v -14.831500 382.292999 -37.484402
v -13.796900 384.335297 -37.535599
v -16.023300 384.289093 -34.547501
v -16.012199 384.269012 -34.150398
v -16.049101 384.300812 -33.621498
v -16.059000 384.312805 -34.133202
v -16.018200 384.204895 -34.545399
v -16.054001 384.231598 -34.131199
v -17.460300 384.301086 -33.513699
v -57.887402 458.058502 -5.746700
v -51.941799 450.922211 -11.127000
v -44.634800 446.457489 -14.229500
v -41.966499 441.477386 -16.348801
v -39.540401 436.951294 -18.621300
v -41.185001 435.813385 -19.039700
v -33.980900 433.207001 -22.048100
v -34.946499 429.817902 -23.304300
v -26.317400 427.616699 -27.367701
v -28.704000 423.923004 -27.613400
v -22.009600 418.826599 -30.814899
v -23.963800 417.978790 -30.780001
v -19.814899 414.641510 -32.262600
v -20.556499 414.125397 -32.526600
v -15.631200 412.286987 -33.203098
v -16.199800 410.478485 -33.679100
v -7.353700 407.691711 -34.454498
v -9.110300 404.829987 -34.894901
v -2.447100 400.308289 -35.853401
v -4.729200 400.726013 -35.973999
v -0.682500 397.445312 -39.269699
v -0.412300 396.714111 -39.851200
v 2.179400 399.603088 -39.018200
v 1.928300 397.307007 -39.677101
v 7.548500 399.089691 -38.984798
v 2.648400 395.480286 -39.201500
v 8.837700 404.680115 -38.095299
v 9.760500 393.871613 -38.830200
v 12.594200 388.799408 -38.411400
v 16.686800 389.617889 -37.705200
v 17.141500 385.725586 -37.216999
v 15.007100 384.889404 -37.986198
v 20.456800 391.163086 -36.602600
v 21.694000 390.141907 -35.553299
v 56.120499 413.561890 -9.874800
v 57.241100 421.893097 -9.793900
v 49.128201 408.463806 -16.635401
v 50.029900 415.051788 -16.807400
v 41.476501 403.406311 -22.378201
v 42.041901 407.780609 -22.710800
v 35.000401 399.365906 -26.491600
v 35.065498 401.560486 -26.989100
v 31.535200 397.318604 -28.363701
v 30.889200 397.872406 -29.127300
v 29.303801 393.574799 -29.091000
v 27.574400 394.338501 -30.324100
v 24.787100 386.000610 -30.428600
v 22.747299 388.969910 -31.942600
v 23.657700 379.311188 -30.969299
v 19.626699 381.271393 -33.121300
v 18.517099 384.054291 -33.335999
v 19.258699 386.157898 -33.568901
v 16.338800 383.224915 -37.249100
v 15.957000 383.157501 -37.812500
v 14.772500 381.082306 -37.898300
v 11.820300 376.243286 -38.127300
v 9.551500 370.926300 -38.186100
v -10.252900 374.665710 -38.208302
v -15.125400 376.613007 -37.374500
v -19.201401 377.550293 -36.097301
v -16.812901 382.425415 -36.817299
v -21.967100 377.904205 -34.456299
v -18.679501 381.349304 -35.590000
v -23.859100 380.353485 -30.752899
v -26.652599 386.873199 -29.552299
v -23.172899 389.037689 -31.591700
v -29.674200 393.757996 -28.777100
v -27.738701 394.314209 -30.078699
v -31.309200 397.105194 -28.275200
v -30.736500 397.579010 -29.005699
v -34.577999 399.074493 -26.478300
v -34.634800 401.070587 -26.974100
v -40.992599 403.167908 -22.387800
v -41.525600 407.363312 -22.727501
v -48.640099 408.371307 -16.665001
v -49.506100 414.890289 -16.859600
v -55.607700 413.670685 -9.971200
v -56.673801 422.084595 -9.963600
v 38.489899 371.034210 -20.736700
v 36.707100 369.544312 -22.381001
v 42.829899 370.548889 -16.680099
v 41.931999 367.217194 -17.320499
v 47.568001 370.191803 -11.112500
v 46.693199 365.078796 -11.437600
v 52.122898 370.060089 -4.547600
v 50.795601 363.184387 -4.939800
v 55.913700 370.250885 2.501000
v 54.043900 361.589386 1.965200
v 58.815498 370.868408 9.417500
v 56.337002 360.410614 8.683000
v 60.703602 372.016693 15.586500
v 57.573700 359.764893 14.619100
v 10.417500 367.417297 -37.761299
v 8.436800 366.372009 -37.371300
v 15.959700 366.164398 -36.343899
v 15.288200 363.222290 -35.543701
v 22.457300 364.749695 -33.762798
v 22.063101 360.024292 -32.731998
v 29.103901 362.802490 -30.149300
v 28.486900 356.734406 -29.037800
v 35.093201 359.952393 -25.634600
v 34.284599 353.308807 -24.563000
v 35.887199 366.655304 -25.672701
v 41.342800 363.583191 -20.302900
v 40.356201 356.487213 -20.341000
v 39.056198 350.121613 -19.911900
v 44.823799 352.694489 -14.390600
v 42.401501 347.547089 -15.688700
v 46.036400 360.585907 -14.324300
v 45.752201 346.481415 -11.588000
v 44.194199 344.764496 -12.661400
v 46.417500 343.609192 -10.054300
v 45.812698 342.916504 -10.176900
v 48.130199 343.357697 -7.053600
v 47.755901 341.552887 -6.680700
v 50.607800 343.080505 -1.554800
v 50.124100 339.741913 -1.044700
v 52.982700 342.998688 4.828600
v 52.219200 337.994293 5.262800
v 54.387199 343.333801 10.483400
v 53.343300 336.821106 10.773600
v 55.069500 343.771088 14.968000
v 54.033901 338.418701 14.120600
v -34.407299 359.181213 -25.582899
v -35.167500 365.549408 -25.599300
v -33.661701 352.872406 -24.532801
v -38.303699 349.429504 -19.985100
v -39.534599 355.140015 -20.316700
v -40.439899 361.429596 -20.195499
v -43.804901 351.080109 -14.544100
v -44.896099 357.480896 -14.259600
v -41.367500 346.817810 -16.117901
v -47.709599 350.676086 -8.845500
v -48.612801 354.666901 -8.014900
v -50.233002 350.307892 -3.895100
v -51.290001 352.127106 -1.707900
v -6.982800 352.559296 -32.054298
v -7.191600 362.824890 -33.883400
v -14.040300 350.843414 -30.408701
v -14.422200 359.576111 -32.000999
v -20.786800 349.190491 -27.858601
v -21.256001 356.271301 -29.191700
v -27.123699 347.639191 -24.467501
v -27.591499 352.975189 -25.543501
v -32.952400 346.228088 -20.298300
v -33.327202 349.752686 -21.144600
v -37.452400 345.150391 -16.443399
v -37.812401 347.050690 -16.949600
v -39.803398 344.599091 -13.994600
v -40.396400 345.316193 -13.913400
v -40.337898 339.761597 -12.399800
v -41.933399 342.860504 -11.398500
v -40.989498 327.816589 -9.512100
v -43.677601 338.492889 -8.368700
v -44.459900 324.324188 -3.571100
v -46.249199 335.961212 -3.830500
v -47.271702 322.460785 2.694400
v -48.723400 333.417389 2.087500
v -49.271599 321.641510 8.604000
v -50.649399 331.234497 8.083800
v -50.306099 321.281189 13.477600
v -51.576000 329.785706 12.857200
v -50.866299 322.000702 16.861401
v -51.953499 329.150604 16.177000
v -51.443199 324.420685 18.302099
v -52.231701 329.408905 17.812700
v 0.995600 393.734711 -37.924801
v 0.443400 393.878204 -37.985001
v 1.363700 393.898102 -37.872501
v 0.995600 394.356201 -37.895699
v 0.443400 394.654999 -37.948601
v 0.259300 394.340302 -37.985600
v 70.085999 440.270111 7.112800
v 75.216797 449.287598 16.559900
v 64.185097 432.075287 -2.746500
v 57.634102 424.591095 -11.145100
v 50.349998 417.168793 -18.242901
v 42.249901 409.159698 -24.199800
v 35.106701 402.213013 -28.533100
v 30.693300 397.977997 -30.760000
v 27.017500 394.514008 -32.113201
v 22.086800 389.880615 -33.825401
v 17.897800 385.633087 -35.235699
v 16.446600 383.326508 -35.683201
v 18.118900 381.077393 -34.877399
v 23.300699 377.002411 -32.527699
v 29.976801 372.499908 -28.911699
v 36.132401 368.968689 -24.307199
v 41.652199 366.027496 -18.912100
v 46.421200 363.295410 -12.924100
v 50.372601 360.813507 -6.448700
v 53.440102 358.623108 0.408500
v 55.530300 356.845490 7.060100
v 56.549900 355.601898 12.918600
v 56.473999 352.212006 16.880100
v 55.277401 343.996002 17.841000
v 53.823601 336.364685 16.173100
v 52.975800 334.729187 12.248400
v 51.945301 336.405212 6.785700
v 49.943401 338.708099 0.503400
v 47.611599 341.030396 -5.178300
v 45.591702 342.764587 -8.839600
v 43.655399 344.271210 -11.641000
v 41.574600 345.910400 -14.743300
v 38.603401 348.078888 -18.390699
v 33.995602 351.173309 -22.827700
v 28.261801 354.790802 -27.289200
v 21.912300 358.528290 -31.010201
v 15.044800 362.320587 -33.898899
v 7.757100 366.102600 -35.863201
v 0.258500 368.007385 -36.616199
v -7.241700 366.167694 -35.871201
v -14.530000 362.407898 -33.909901
v -21.392900 358.552490 -31.014099
v -27.727900 354.674805 -27.280300
v -33.432598 350.848511 -22.804701
v -37.912899 347.605103 -18.496500
v -40.574600 345.476105 -15.264500
v -42.445702 343.814392 -12.442800
v -44.554100 341.972687 -9.365700
v -46.826099 339.761200 -5.295100
v -49.187801 336.990509 0.507100
v -51.089100 334.353088 6.532300
v -51.979801 332.541412 11.272300
v -52.296398 331.454803 14.570800
v -52.474998 330.992615 16.271500
v -53.048698 333.852814 17.098700
v -54.550201 342.733795 17.776800
v -55.700802 351.039886 16.847601
v -55.221699 352.175507 12.852600
v -53.684700 351.109985 6.975300
v -51.661900 352.812592 0.399300
v -48.933399 356.076202 -6.359900
v -45.279301 359.693604 -12.786700
v -40.761200 363.605103 -18.777000
v -35.440498 367.751099 -24.226700
v -29.446501 372.470215 -28.892500
v -22.908501 378.101196 -32.531200
v -17.785400 382.651703 -34.880798
v -16.036200 384.129486 -35.679199
v -15.991000 384.112701 -35.696999
v -15.980500 384.179291 -35.704800
v -15.999400 384.248108 -35.700401
v -16.042801 384.237793 -35.681900
v -17.558300 385.573486 -35.161098
v -21.993500 389.680115 -33.649601
v -27.074100 394.420502 -31.890600
v -30.525999 397.657806 -30.627300
v -34.634300 401.656891 -28.517401
v -41.683701 408.682800 -24.218901
v -49.775200 416.984192 -18.302500
v -57.009602 424.810211 -11.339200
v -63.550301 432.556305 -3.145800
v -69.560699 440.618408 6.460500
v -74.710403 449.391205 15.843300
v -78.669296 459.269592 23.365999
v -81.853798 471.483185 28.609200
v -84.680702 487.261597 31.153700
v -85.622902 497.163513 30.301500
v -83.153099 491.747101 25.354500
v -77.981796 479.351501 17.415400
v -70.819603 468.315399 7.587100
v -63.199001 458.665588 -1.957300
v -56.652802 450.429291 -9.044700
v -51.881302 444.728912 -13.541800
v -49.584999 442.687500 -15.315500
v -47.087799 440.748413 -16.832001
v -41.713699 435.355011 -20.557301
v -35.248901 428.609192 -25.101101
v -29.480101 422.612610 -29.073400
v -24.595699 417.617096 -32.146400
v -20.784300 413.874298 -33.992699
v -16.369801 409.796692 -35.215900
v -9.676400 403.797089 -36.419800
v -3.538800 398.809509 -37.336300
v -0.792000 397.768097 -37.697800
v 2.243600 400.447510 -37.420399
v 9.248000 406.622589 -36.420700
v 16.218000 412.765106 -35.314400
v 19.150600 415.346893 -34.717400
v 21.757500 417.623413 -33.274300
v 27.750299 422.850006 -29.629700
v 35.416500 429.534088 -24.863300
v 43.043800 436.182892 -20.054899
v 50.847599 442.979797 -14.848200
v 59.043701 450.108185 -8.887200
v 66.905502 458.186188 -1.354100
v 73.706902 467.832214 8.568600
v 79.486603 478.979095 18.379700
v 84.283096 491.560486 25.577700
v 86.845100 497.134491 29.780399
v 85.920998 487.259399 30.605600
v 82.971703 471.454803 28.452999
v 79.457802 459.239990 23.722200
usemtl Steel_-_Satin
f 1 2 3
f 1 3 4
f 2 5 6
f 2 6 3
f 7 8 3
f 7 3 6
f 8 9 4
f 8 4 3
f 10 11 12
f 10 12 13
f 11 14 15
f 11 15 12
f 16 17 12
f 16 12 15
f 17 18 13
f 17 13 12
f 14 19 20
f 14 20 15
f 19 21 22
f 19 22 20
f 23 24 20
f 23 20 22
f 24 16 15
f 24 15 20
f 21 25 26
f 21 26 22
f 25 27 28
f 25 28 26
f 29 30 26
f 29 26 28
f 30 23 22
f 30 22 26
f 31 32 33
f 31 33 34
f 32 35 36
f 32 36 33
f 37 38 33
f 37 33 36
f 38 39 34
f 38 34 33
f 40 41 42
f 40 42 43
f 41 44 45
f 41 45 42
f 46 47 42
f 46 42 45
f 47 48 43
f 47 43 42
f 44 49 50
f 44 50 45
f 49 51 52
f 49 52 50
f 53 54 50
f 53 50 52
f 54 46 45
f 54 45 50
f 51 55 56
f 51 56 52
f 55 57 58
f 55 58 56
f 59 60 56
f 59 56 58
f 60 53 52
f 60 52 56
f 61 62 63
f 61 63 64
f 62 65 66
f 62 66 63
f 67 68 63
f 67 63 66
f 68 69 64
f 68 64 63
f 65 70 71
f 65 71 66
f 70 72 73
f 70 73 71
f 74 75 71
f 74 71 73
f 75 67 66
f 75 66 71
f 72 76 77
f 72 77 73
f 76 78 79
f 76 79 77
f 80 81 77
f 80 77 79
f 81 74 73
f 81 73 77
f 82 83 84
f 82 84 85
f 83 86 87
f 83 87 84
f 88 89 84
f 88 84 87
f 89 90 85
f 89 85 84
f 86 91 92
f 86 92 87
f 91 93 94
f 91 94 92
f 95 96 92
f 95 92 94
f 96 88 87
f 96 87 92
f 93 97 98
f 93 98 94
f 97 99 100
f 97 100 98
f 101 102 98
f 101 98 100
f 102 95 94
f 102 94 98
f 99 103 104
f 99 104 100
f 103 105 106
f 103 106 104
f 107 108 104
f 107 104 106
f 108 101 100
f 108 100 104
f 105 109 110
f 105 110 106
f 109 111 112
f 109 112 110
f 113 114 110
f 113 110 112
f 114 107 106
f 114 106 110
f 111 115 116
f 111 116 112
f 115 117 118
f 115 118 116
f 119 120 116
f 119 116 118
f 120 113 112
f 120 112 116
f 117 121 122
f 117 122 118
f 121 123 124
f 121 124 122
f 125 126 122
f 125 122 124
f 126 119 118
f 126 118 122
f 123 127 128
f 123 128 124
f 127 129 130
f 127 130 128
f 131 132 128
f 131 128 130
f 132 125 124
f 132 124 128
f 133 134 135
f 133 135 136
f 134 137 138
f 134 138 135
f 139 140 135
f 139 135 138
f 140 141 136
f 140 136 135
f 137 142 143
f 137 143 138
f 142 144 145
f 142 145 143
f 146 147 143
f 146 143 145
f 147 139 138
f 147 138 143
f 144 148 149
f 144 149 145
f 148 1 4
f 148 4 149
f 9 150 149
f 9 149 4
f 150 146 145
f 150 145 149
f 9 8 151
f 9 151 152
f 8 7 153
f 8 153 151
f 154 155 151
f 154 151 153
f 155 156 152
f 155 152 151
f 18 17 157
f 18 157 158
f 17 16 159
f 17 159 157
f 160 161 157
f 160 157 159
f 161 162 158
f 161 158 157
f 16 24 163
f 16 163 159
f 24 23 164
f 24 164 163
f 165 166 163
f 165 163 164
f 166 160 159
f 166 159 163
f 23 30 167
f 23 167 164
f 30 29 168
f 30 168 167
f 169 170 167
f 169 167 168
f 170 165 164
f 170 164 167
f 171 172 173
f 171 173 174
f 172 175 176
f 172 176 173
f 177 174 173
f 177 173 176
f 48 47 178
f 48 178 179
f 47 46 180
f 47 180 178
f 181 179 178
f 181 178 180
f 46 54 182
f 46 182 180
f 54 53 183
f 54 183 182
f 184 185 182
f 184 182 183
f 185 186 187
f 185 187 182
f 181 180 182
f 181 182 187
f 53 60 188
f 53 188 183
f 60 59 189
f 60 189 188
f 190 191 188
f 190 188 189
f 191 184 183
f 191 183 188
f 69 68 192
f 69 192 193
f 68 67 194
f 68 194 192
f 195 196 192
f 195 192 194
f 196 197 193
f 196 193 192
f 67 75 198
f 67 198 194
f 75 74 199
f 75 199 198
f 200 201 198
f 200 198 199
f 201 195 194
f 201 194 198
f 74 81 202
f 74 202 199
f 81 80 203
f 81 203 202
f 204 205 202
f 204 202 203
f 205 200 199
f 205 199 202
f 90 89 206
f 90 206 207
f 89 88 208
f 89 208 206
f 209 210 206
f 209 206 208
f 210 211 207
f 210 207 206
f 88 96 212
f 88 212 208
f 96 95 213
f 96 213 212
f 214 215 212
f 214 212 213
f 215 209 208
f 215 208 212
f 95 102 216
f 95 216 213
f 102 101 217
f 102 217 216
f 218 219 216
f 218 216 217
f 219 220 221
f 219 221 216
f 214 213 216
f 214 216 221
f 101 108 222
f 101 222 217
f 108 107 223
f 108 223 222
f 224 225 222
f 224 222 223
f 225 218 217
f 225 217 222
f 107 114 226
f 107 226 223
f 114 113 227
f 114 227 226
f 228 229 226
f 228 226 227
f 229 224 223
f 229 223 226
f 113 120 230
f 113 230 227
f 120 119 231
f 120 231 230
f 232 233 230
f 232 230 231
f 233 228 227
f 233 227 230
f 119 126 234
f 119 234 231
f 126 125 235
f 126 235 234
f 236 237 234
f 236 234 235
f 237 232 231
f 237 231 234
f 125 132 238
f 125 238 235
f 132 131 239
f 132 239 238
f 240 241 238
f 240 238 239
f 241 236 235
f 241 235 238
f 141 140 242
f 141 242 243
f 140 139 244
f 140 244 242
f 245 246 242
f 245 242 244
f 246 247 243
f 246 243 242
f 139 147 248
f 139 248 244
f 147 146 249
f 147 249 248
f 250 251 248
f 250 248 249
f 251 245 244
f 251 244 248
f 146 150 252
f 146 252 249
f 150 9 152
f 150 152 252
f 156 253 252
f 156 252 152
f 253 250 249
f 253 249 252
f 156 155 254
f 156 254 255
f 155 154 256
f 155 256 254
f 257 258 254
f 257 254 256
f 258 259 255
f 258 255 254
f 162 161 260
f 162 260 261
f 161 160 262
f 161 262 260
f 263 264 260
f 263 260 262
f 264 265 261
f 264 261 260
f 160 166 266
f 160 266 262
f 166 165 267
f 166 267 266
f 268 269 266
f 268 266 267
f 269 263 262
f 269 262 266
f 165 170 270
f 165 270 267
f 170 169 271
f 170 271 270
f 272 273 270
f 272 270 271
f 273 268 267
f 273 267 270
f 274 275 276
f 274 276 277
f 275 278 279
f 275 279 276
f 280 281 276
f 280 276 279
f 281 282 277
f 281 277 276
f 283 284 285
f 283 285 286
f 284 287 288
f 284 288 285
f 289 290 285
f 289 285 288
f 290 291 286
f 290 286 285
f 186 185 292
f 186 292 293
f 185 184 294
f 185 294 292
f 295 296 292
f 295 292 294
f 296 297 293
f 296 293 292
f 184 191 298
f 184 298 294
f 191 190 299
f 191 299 298
f 300 301 298
f 300 298 299
f 301 295 294
f 301 294 298
f 197 196 302
f 197 302 303
f 196 195 304
f 196 304 302
f 305 306 302
f 305 302 304
f 306 307 303
f 306 303 302
f 195 201 308
f 195 308 304
f 201 200 309
f 201 309 308
f 310 311 308
f 310 308 309
f 311 305 304
f 311 304 308
f 200 205 312
f 200 312 309
f 205 204 313
f 205 313 312
f 314 315 312
f 314 312 313
f 315 310 309
f 315 309 312
f 211 210 316
f 211 316 317
f 210 209 318
f 210 318 316
f 319 320 316
f 319 316 318
f 320 321 317
f 320 317 316
f 209 215 322
f 209 322 318
f 215 214 323
f 215 323 322
f 324 325 322
f 324 322 323
f 325 319 318
f 325 318 322
f 214 221 326
f 214 326 323
f 221 220 327
f 221 327 326
f 328 329 326
f 328 326 327
f 329 324 323
f 329 323 326
f 218 225 330
f 218 330 331
f 225 224 332
f 225 332 330
f 333 334 330
f 333 330 332
f 334 335 331
f 334 331 330
f 224 229 336
f 224 336 332
f 229 228 337
f 229 337 336
f 338 339 336
f 338 336 337
f 339 333 332
f 339 332 336
f 228 233 340
f 228 340 337
f 233 232 341
f 233 341 340
f 342 343 340
f 342 340 341
f 343 338 337
f 343 337 340
f 232 237 344
f 232 344 341
f 237 236 345
f 237 345 344
f 346 347 344
f 346 344 345
f 347 342 341
f 347 341 344
f 236 241 348
f 236 348 345
f 241 240 349
f 241 349 348
f 350 351 348
f 350 348 349
f 351 346 345
f 351 345 348
f 247 246 352
f 247 352 353
f 246 245 354
f 246 354 352
f 355 356 352
f 355 352 354
f 356 357 353
f 356 353 352
f 245 251 358
f 245 358 354
f 251 250 359
f 251 359 358
f 360 361 358
f 360 358 359
f 361 355 354
f 361 354 358
f 250 253 362
f 250 362 359
f 253 156 255
f 253 255 362
f 259 363 362
f 259 362 255
f 363 360 359
f 363 359 362
f 259 258 364
f 259 364 365
f 258 257 366
f 258 366 364
f 367 368 364
f 367 364 366
f 368 369 365
f 368 365 364
f 265 264 370
f 265 370 371
f 264 263 372
f 264 372 370
f 373 374 370
f 373 370 372
f 374 375 371
f 374 371 370
f 263 269 376
f 263 376 372
f 269 268 377
f 269 377 376
f 378 379 376
f 378 376 377
f 379 380 381
f 379 381 376
f 373 372 376
f 373 376 381
f 268 273 382
f 268 382 377
f 273 272 383
f 273 383 382
f 378 377 382
f 378 382 383
f 282 281 384
f 282 384 385
f 281 280 386
f 281 386 384
f 387 388 384
f 387 384 386
f 388 389 385
f 388 385 384
f 291 290 390
f 291 390 391
f 290 289 392
f 290 392 390
f 393 391 390
f 393 390 392
f 297 296 394
f 297 394 395
f 296 295 396
f 296 396 394
f 397 395 394
f 397 394 396
f 295 301 398
f 295 398 396
f 301 300 399
f 301 399 398
f 400 401 398
f 400 398 399
f 401 397 396
f 401 396 398
f 307 306 402
f 307 402 403
f 306 305 404
f 306 404 402
f 405 406 402
f 405 402 404
f 406 407 403
f 406 403 402
f 305 311 408
f 305 408 404
f 311 310 409
f 311 409 408
f 410 411 408
f 410 408 409
f 411 405 404
f 411 404 408
f 310 315 412
f 310 412 409
f 315 314 413
f 315 413 412
f 414 415 412
f 414 412 413
f 415 410 409
f 415 409 412
f 321 320 416
f 321 416 417
f 320 319 418
f 320 418 416
f 419 420 416
f 419 416 418
f 420 421 417
f 420 417 416
f 319 325 422
f 319 422 418
f 325 324 423
f 325 423 422
f 424 425 422
f 424 422 423
f 425 419 418
f 425 418 422
f 324 329 426
f 324 426 423
f 329 328 427
f 329 427 426
f 428 429 426
f 428 426 427
f 429 430 431
f 429 431 426
f 432 433 426
f 432 426 431
f 433 424 423
f 433 423 426
f 434 435 436
f 434 436 437
f 435 438 439
f 435 439 436
f 440 441 436
f 440 436 439
f 441 442 437
f 441 437 436
f 333 339 443
f 333 443 444
f 339 338 445
f 339 445 443
f 446 447 443
f 446 443 445
f 447 448 444
f 447 444 443
f 338 343 449
f 338 449 445
f 343 342 450
f 343 450 449
f 451 452 449
f 451 449 450
f 452 446 445
f 452 445 449
f 342 347 453
f 342 453 450
f 347 346 454
f 347 454 453
f 455 456 453
f 455 453 454
f 456 451 450
f 456 450 453
f 346 351 457
f 346 457 454
f 351 350 458
f 351 458 457
f 459 460 457
f 459 457 458
f 460 455 454
f 460 454 457
f 357 356 461
f 357 461 462
f 356 355 463
f 356 463 461
f 464 465 461
f 464 461 463
f 465 466 462
f 465 462 461
f 355 361 467
f 355 467 463
f 361 360 468
f 361 468 467
f 469 470 467
f 469 467 468
f 470 464 463
f 470 463 467
f 360 363 471
f 360 471 468
f 363 259 365
f 363 365 471
f 369 472 471
f 369 471 365
f 472 469 468
f 472 468 471
f 369 368 473
f 369 473 474
f 368 367 475
f 368 475 473
f 476 477 473
f 476 473 475
f 477 478 474
f 477 474 473
f 375 374 479
f 375 479 480
f 374 373 481
f 374 481 479
f 482 483 479
f 482 479 481
f 483 484 480
f 483 480 479
f 373 381 485
f 373 485 481
f 381 380 486
f 381 486 485
f 487 488 485
f 487 485 486
f 488 482 481
f 488 481 485
f 489 490 491
f 489 491 492
f 490 493 494
f 490 494 491
f 495 496 491
f 495 491 494
f 496 497 492
f 496 492 491
f 389 388 498
f 389 498 499
f 388 387 500
f 388 500 498
f 501 502 498
f 501 498 500
f 502 503 499
f 502 499 498
f 387 504 505
f 387 505 500
f 504 506 507
f 504 507 505
f 508 509 505
f 508 505 507
f 509 501 500
f 509 500 505
f 393 510 511
f 393 511 512
f 510 513 514
f 510 514 511
f 515 516 511
f 515 511 514
f 516 517 512
f 516 512 511
f 397 401 518
f 397 518 519
f 401 400 520
f 401 520 518
f 521 522 518
f 521 518 520
f 522 523 519
f 522 519 518
f 407 406 524
f 407 524 525
f 406 405 526
f 406 526 524
f 527 528 524
f 527 524 526
f 528 529 525
f 528 525 524
f 405 411 530
f 405 530 526
f 411 410 531
f 411 531 530
f 532 533 530
f 532 530 531
f 533 527 526
f 533 526 530
f 410 415 534
f 410 534 531
f 415 414 535
f 415 535 534
f 536 537 534
f 536 534 535
f 537 532 531
f 537 531 534
f 421 420 538
f 421 538 539
f 420 419 540
f 420 540 538
f 541 542 538
f 541 538 540
f 542 543 539
f 542 539 538
f 419 425 544
f 419 544 540
f 425 424 545
f 425 545 544
f 546 547 544
f 546 544 545
f 547 541 540
f 547 540 544
f 424 433 548
f 424 548 545
f 433 432 549
f 433 549 548
f 550 551 548
f 550 548 549
f 551 546 545
f 551 545 548
f 442 441 552
f 442 552 553
f 441 440 554
f 441 554 552
f 555 556 552
f 555 552 554
f 556 557 553
f 556 553 552
f 448 447 558
f 448 558 559
f 447 446 560
f 447 560 558
f 561 562 558
f 561 558 560
f 562 563 559
f 562 559 558
f 446 452 564
f 446 564 560
f 452 451 565
f 452 565 564
f 566 567 564
f 566 564 565
f 567 561 560
f 567 560 564
f 451 456 568
f 451 568 565
f 456 455 569
f 456 569 568
f 570 571 568
f 570 568 569
f 571 566 565
f 571 565 568
f 455 460 572
f 455 572 569
f 460 459 573
f 460 573 572
f 574 575 572
f 574 572 573
f 575 570 569
f 575 569 572
f 466 465 576
f 466 576 577
f 465 464 578
f 465 578 576
f 579 580 576
f 579 576 578
f 580 581 577
f 580 577 576
f 464 470 582
f 464 582 578
f 470 469 583
f 470 583 582
f 584 585 582
f 584 582 583
f 585 579 578
f 585 578 582
f 469 472 586
f 469 586 583
f 472 369 474
f 472 474 586
f 478 587 586
f 478 586 474
f 587 584 583
f 587 583 586
f 478 477 588
f 478 588 589
f 477 476 590
f 477 590 588
f 591 592 588
f 591 588 590
f 592 593 589
f 592 589 588
f 484 483 594
f 484 594 595
f 483 482 596
f 483 596 594
f 597 598 594
f 597 594 596
f 598 599 595
f 598 595 594
f 482 488 600
f 482 600 596
f 488 487 601
f 488 601 600
f 602 603 600
f 602 600 601
f 603 597 596
f 603 596 600
f 497 496 604
f 497 604 605
f 496 495 606
f 496 606 604
f 607 605 604
f 607 604 606
f 503 502 608
f 503 608 609
f 502 501 610
f 502 610 608
f 611 612 608
f 611 608 610
f 612 613 609
f 612 609 608
f 501 509 614
f 501 614 610
f 509 508 615
f 509 615 614
f 616 617 614
f 616 614 615
f 617 611 610
f 617 610 614
f 517 516 618
f 517 618 619
f 516 515 620
f 516 620 618
f 621 622 618
f 621 618 620
f 622 623 619
f 622 619 618
f 523 522 624
f 523 624 625
f 522 521 626
f 522 626 624
f 627 628 624
f 627 624 626
f 628 629 625
f 628 625 624
f 529 528 630
f 529 630 631
f 528 527 632
f 528 632 630
f 633 634 630
f 633 630 632
f 634 635 631
f 634 631 630
f 527 533 636
f 527 636 632
f 533 532 637
f 533 637 636
f 638 639 636
f 638 636 637
f 639 633 632
f 639 632 636
f 532 537 640
f 532 640 637
f 537 536 641
f 537 641 640
f 642 643 640
f 642 640 641
f 643 638 637
f 643 637 640
f 543 542 644
f 543 644 645
f 542 541 646
f 542 646 644
f 647 648 644
f 647 644 646
f 648 649 645
f 648 645 644
f 541 547 650
f 541 650 646
f 547 546 651
f 547 651 650
f 652 653 650
f 652 650 651
f 653 647 646
f 653 646 650
f 546 551 654
f 546 654 651
f 551 550 655
f 551 655 654
f 656 657 654
f 656 654 655
f 657 652 651
f 657 651 654
f 557 556 658
f 557 658 659
f 556 555 660
f 556 660 658
f 661 662 658
f 661 658 660
f 662 663 659
f 662 659 658
f 563 562 664
f 563 664 665
f 562 561 666
f 562 666 664
f 667 668 664
f 667 664 666
f 668 669 665
f 668 665 664
f 561 567 670
f 561 670 666
f 567 566 671
f 567 671 670
f 672 673 670
f 672 670 671
f 673 667 666
f 673 666 670
f 566 571 674
f 566 674 671
f 571 570 675
f 571 675 674
f 676 677 674
f 676 674 675
f 677 672 671
f 677 671 674
f 570 575 678
f 570 678 675
f 575 574 679
f 575 679 678
f 680 681 678
f 680 678 679
f 681 676 675
f 681 675 678
f 581 580 682
f 581 682 683
f 580 579 684
f 580 684 682
f 685 686 682
f 685 682 684
f 686 687 683
f 686 683 682
f 579 585 688
f 579 688 684
f 585 584 689
f 585 689 688
f 690 691 688
f 690 688 689
f 691 685 684
f 691 684 688
f 584 587 692
f 584 692 689
f 587 478 589
f 587 589 692
f 593 693 692
f 593 692 589
f 693 690 689
f 693 689 692
f 593 592 694
f 593 694 695
f 592 591 696
f 592 696 694
f 697 698 694
f 697 694 696
f 698 699 695
f 698 695 694
f 700 701 702
f 700 702 703
f 701 704 705
f 701 705 702
f 706 707 702
f 706 702 705
f 707 708 703
f 707 703 702
f 704 709 710
f 704 710 705
f 709 711 712
f 709 712 710
f 713 714 710
f 713 710 712
f 714 706 705
f 714 705 710
f 711 715 716
f 711 716 712
f 715 717 718
f 715 718 716
f 719 720 716
f 719 716 718
f 720 713 712
f 720 712 716
f 717 721 722
f 717 722 718
f 721 723 724
f 721 724 722
f 725 726 722
f 725 722 724
f 726 719 718
f 726 718 722
f 723 727 728
f 723 728 724
f 727 729 730
f 727 730 728
f 731 732 728
f 731 728 730
f 732 725 724
f 732 724 728
f 729 733 734
f 729 734 730
f 733 735 736
f 733 736 734
f 737 738 734
f 737 734 736
f 738 731 730
f 738 730 734
f 735 739 740
f 735 740 736
f 739 741 742
f 739 742 740
f 743 744 740
f 743 740 742
f 744 737 736
f 744 736 740
f 635 634 745
f 635 745 746
f 634 633 747
f 634 747 745
f 748 749 745
f 748 745 747
f 749 750 746
f 749 746 745
f 633 639 751
f 633 751 747
f 639 638 752
f 639 752 751
f 753 754 751
f 753 751 752
f 754 748 747
f 754 747 751
f 638 643 755
f 638 755 752
f 643 642 756
f 643 756 755
f 757 758 755
f 757 755 756
f 758 753 752
f 758 752 755
f 649 648 759
f 649 759 760
f 648 647 761
f 648 761 759
f 762 763 759
f 762 759 761
f 763 764 760
f 763 760 759
f 647 653 765
f 647 765 761
f 653 652 766
f 653 766 765
f 767 768 765
f 767 765 766
f 768 762 761
f 768 761 765
f 652 657 769
f 652 769 766
f 657 656 770
f 657 770 769
f 771 772 769
f 771 769 770
f 772 767 766
f 772 766 769
f 663 662 773
f 663 773 774
f 662 661 775
f 662 775 773
f 776 777 773
f 776 773 775
f 777 778 774
f 777 774 773
f 669 668 779
f 669 779 780
f 668 667 781
f 668 781 779
f 782 783 779
f 782 779 781
f 783 784 780
f 783 780 779
f 667 673 785
f 667 785 781
f 673 672 786
f 673 786 785
f 787 788 785
f 787 785 786
f 788 782 781
f 788 781 785
f 672 677 789
f 672 789 786
f 677 676 790
f 677 790 789
f 791 792 789
f 791 789 790
f 792 787 786
f 792 786 789
f 676 681 793
f 676 793 790
f 681 680 794
f 681 794 793
f 795 796 793
f 795 793 794
f 796 791 790
f 796 790 793
f 687 686 797
f 687 797 798
f 686 685 799
f 686 799 797
f 800 801 797
f 800 797 799
f 801 802 798
f 801 798 797
f 685 691 803
f 685 803 799
f 691 690 804
f 691 804 803
f 805 806 803
f 805 803 804
f 806 800 799
f 806 799 803
f 690 693 807
f 690 807 804
f 693 593 695
f 693 695 807
f 699 808 807
f 699 807 695
f 808 805 804
f 808 804 807
f 699 698 809
f 699 809 810
f 698 697 811
f 698 811 809
f 812 813 809
f 812 809 811
f 813 814 810
f 813 810 809
f 708 707 815
f 708 815 816
f 707 706 817
f 707 817 815
f 818 819 815
f 818 815 817
f 819 820 816
f 819 816 815
f 706 714 821
f 706 821 817
f 714 713 822
f 714 822 821
f 823 824 821
f 823 821 822
f 824 818 817
f 824 817 821
f 713 720 825
f 713 825 822
f 720 719 826
f 720 826 825
f 827 828 825
f 827 825 826
f 828 823 822
f 828 822 825
f 719 726 829
f 719 829 826
f 726 725 830
f 726 830 829
f 831 832 829
f 831 829 830
f 832 827 826
f 832 826 829
f 725 732 833
f 725 833 830
f 732 731 834
f 732 834 833
f 835 836 833
f 835 833 834
f 836 831 830
f 836 830 833
f 731 738 837
f 731 837 834
f 738 737 838
f 738 838 837
f 839 840 837
f 839 837 838
f 840 835 834
f 840 834 837
f 737 744 841
f 737 841 838
f 744 743 842
f 744 842 841
f 843 844 841
f 843 841 842
f 844 839 838
f 844 838 841
f 750 749 845
f 750 845 846
f 749 748 847
f 749 847 845
f 848 849 845
f 848 845 847
f 849 850 846
f 849 846 845
f 748 754 851
f 748 851 847
f 754 753 852
f 754 852 851
f 853 854 851
f 853 851 852
f 854 848 847
f 854 847 851
f 753 758 855
f 753 855 852
f 758 757 856
f 758 856 855
f 857 858 855
f 857 855 856
f 858 853 852
f 858 852 855
f 764 763 859
f 764 859 860
f 763 762 861
f 763 861 859
f 862 863 859
f 862 859 861
f 863 864 860
f 863 860 859
f 762 768 865
f 762 865 861
f 768 767 866
f 768 866 865
f 867 868 865
f 867 865 866
f 868 862 861
f 868 861 865
f 767 772 869
f 767 869 866
f 772 771 870
f 772 870 869
f 871 872 869
f 871 869 870
f 872 867 866
f 872 866 869
f 778 777 873
f 778 873 874
f 777 776 875
f 777 875 873
f 876 877 873
f 876 873 875
f 877 878 874
f 877 874 873
f 784 783 879
f 784 879 880
f 783 782 881
f 783 881 879
f 882 883 879
f 882 879 881
f 883 884 880
f 883 880 879
f 782 788 885
f 782 885 881
f 788 787 886
f 788 886 885
f 887 888 885
f 887 885 886
f 888 882 881
f 888 881 885
f 787 792 889
f 787 889 886
f 792 791 890
f 792 890 889
f 891 892 889
f 891 889 890
f 892 887 886
f 892 886 889
f 791 796 893
f 791 893 890
f 796 795 894
f 796 894 893
f 895 896 893
f 895 893 894
f 896 891 890
f 896 890 893
f 802 801 897
f 802 897 898
f 801 800 899
f 801 899 897
f 900 901 897
f 900 897 899
f 901 902 898
f 901 898 897
f 800 806 903
f 800 903 899
f 806 805 904
f 806 904 903
f 905 906 903
f 905 903 904
f 906 900 899
f 906 899 903
f 805 808 907
f 805 907 904
f 808 699 810
f 808 810 907
f 814 908 907
f 814 907 810
f 908 905 904
f 908 904 907
f 814 813 909
f 814 909 910
f 813 812 911
f 813 911 909
f 912 913 909
f 912 909 911
f 913 914 910
f 913 910 909
f 820 819 915
f 820 915 916
f 819 818 917
f 819 917 915
f 918 919 915
f 918 915 917
f 919 920 916
f 919 916 915
f 818 824 921
f 818 921 917
f 824 823 922
f 824 922 921
f 923 924 921
f 923 921 922
f 924 918 917
f 924 917 921
f 823 828 925
f 823 925 922
f 828 827 926
f 828 926 925
f 927 928 925
f 927 925 926
f 928 923 922
f 928 922 925
f 827 832 929
f 827 929 926
f 832 831 930
f 832 930 929
f 931 932 929
f 931 929 930
f 932 927 926
f 932 926 929
f 831 836 933
f 831 933 930
f 836 835 934
f 836 934 933
f 935 936 933
f 935 933 934
f 936 931 930
f 936 930 933
f 835 840 937
f 835 937 934
f 840 839 938
f 840 938 937
f 939 940 937
f 939 937 938
f 940 935 934
f 940 934 937
f 839 844 941
f 839 941 938
f 844 843 942
f 844 942 941
f 943 944 941
f 943 941 942
f 944 939 938
f 944 938 941
f 850 849 945
f 850 945 946
f 849 848 947
f 849 947 945
f 948 949 945
f 948 945 947
f 949 950 946
f 949 946 945
f 848 854 951
f 848 951 947
f 854 853 952
f 854 952 951
f 953 954 951
f 953 951 952
f 954 948 947
f 954 947 951
f 853 858 955
f 853 955 952
f 858 857 956
f 858 956 955
f 957 958 955
f 957 955 956
f 958 953 952
f 958 952 955
f 864 863 959
f 864 959 960
f 863 862 961
f 863 961 959
f 962 963 959
f 962 959 961
f 963 964 960
f 963 960 959
f 862 868 965
f 862 965 961
f 868 867 966
f 868 966 965
f 967 968 965
f 967 965 966
f 968 962 961
f 968 961 965
f 867 872 969
f 867 969 966
f 872 871 970
f 872 970 969
f 971 972 969
f 971 969 970
f 972 967 966
f 972 966 969
f 878 877 973
f 878 973 974
f 877 876 975
f 877 975 973
f 976 977 973
f 976 973 975
f 977 978 974
f 977 974 973
f 884 883 979
f 884 979 980
f 883 882 981
f 883 981 979
f 982 983 979
f 982 979 981
f 983 984 980
f 983 980 979
f 882 888 985
f 882 985 981
f 888 887 986
f 888 986 985
f 987 988 985
f 987 985 986
f 988 982 981
f 988 981 985
f 887 892 989
f 887 989 986
f 892 891 990
f 892 990 989
f 991 992 989
f 991 989 990
f 992 987 986
f 992 986 989
f 891 896 993
f 891 993 990
f 896 895 994
f 896 994 993
f 995 996 993
f 995 993 994
f 996 991 990
f 996 990 993
f 902 901 997
f 902 997 998
f 901 900 999
f 901 999 997
f 1000 1001 997
f 1000 997 999
f 1001 1002 998
f 1001 998 997
f 900 906 1003
f 900 1003 999
f 906 905 1004
f 906 1004 1003
f 1005 1006 1003
f 1005 1003 1004
f 1006 1000 999
f 1006 999 1003
f 905 908 1007
f 905 1007 1004
f 908 814 910
f 908 910 1007
f 914 1008 1007
f 914 1007 910
f 1008 1005 1004
f 1008 1004 1007
f 914 913 1009
f 914 1009 1010
f 913 912 1011
f 913 1011 1009
f 1012 1013 1009
f 1012 1009 1011
f 1013 1014 1010
f 1013 1010 1009
f 920 919 1015
f 920 1015 1016
f 919 918 1017
f 919 1017 1015
f 1018 1019 1015
f 1018 1015 1017
f 1019 1020 1016
f 1019 1016 1015
f 918 924 1021
f 918 1021 1017
f 924 923 1022
f 924 1022 1021
f 1023 1024 1021
f 1023 1021 1022
f 1024 1018 1017
f 1024 1017 1021
f 923 928 1025
f 923 1025 1022
f 928 927 1026
f 928 1026 1025
f 1027 1028 1025
f 1027 1025 1026
f 1028 1023 1022
f 1028 1022 1025
f 927 932 1029
f 927 1029 1026
f 932 931 1030
f 932 1030 1029
f 1031 1032 1029
f 1031 1029 1030
f 1032 1027 1026
f 1032 1026 1029
f 931 936 1033
f 931 1033 1030
f 936 935 1034
f 936 1034 1033
f 1035 1036 1033
f 1035 1033 1034
f 1036 1031 1030
f 1036 1030 1033
f 935 940 1037
f 935 1037 1034
f 940 939 1038
f 940 1038 1037
f 1039 1040 1037
f 1039 1037 1038
f 1040 1035 1034
f 1040 1034 1037
f 939 944 1041
f 939 1041 1038
f 944 943 1042
f 944 1042 1041
f 1043 1044 1041
f 1043 1041 1042
f 1044 1039 1038
f 1044 1038 1041
f 950 949 1045
f 950 1045 1046
f 949 948 1047
f 949 1047 1045
f 1048 1049 1045
f 1048 1045 1047
f 1049 1050 1046
f 1049 1046 1045
f 948 954 1051
f 948 1051 1047
f 954 953 1052
f 954 1052 1051
f 1053 1054 1051
f 1053 1051 1052
f 1054 1048 1047
f 1054 1047 1051
f 953 958 1055
f 953 1055 1052
f 958 957 1056
f 958 1056 1055
f 1057 1058 1055
f 1057 1055 1056
f 1058 1053 1052
f 1058 1052 1055
f 964 963 1059
f 964 1059 1060
f 963 962 1061
f 963 1061 1059
f 1062 1063 1059
f 1062 1059 1061
f 1063 1064 1060
f 1063 1060 1059
f 962 968 1065
f 962 1065 1061
f 968 967 1066
f 968 1066 1065
f 1067 1068 1065
f 1067 1065 1066
f 1068 1062 1061
f 1068 1061 1065
f 967 972 1069
f 967 1069 1066
f 972 971 1070
f 972 1070 1069
f 1071 1072 1069
f 1071 1069 1070
f 1072 1067 1066
f 1072 1066 1069
f 978 977 1073
f 978 1073 1074
f 977 976 1075
f 977 1075 1073
f 1076 1077 1073
f 1076 1073 1075
f 1077 1078 1074
f 1077 1074 1073
f 984 983 1079
f 984 1079 1080
f 983 982 1081
f 983 1081 1079
f 1082 1083 1079
f 1082 1079 1081
f 1083 1084 1080
f 1083 1080 1079
f 982 988 1085
f 982 1085 1081
f 988 987 1086
f 988 1086 1085
f 1087 1088 1085
f 1087 1085 1086
f 1088 1082 1081
f 1088 1081 1085
f 987 992 1089
f 987 1089 1086
f 992 991 1090
f 992 1090 1089
f 1091 1092 1089
f 1091 1089 1090
f 1092 1087 1086
f 1092 1086 1089
f 991 996 1093
f 991 1093 1090
f 996 995 1094
f 996 1094 1093
f 1095 1096 1093
f 1095 1093 1094
f 1096 1091 1090
f 1096 1090 1093
f 1002 1001 1097
f 1002 1097 1098
f 1001 1000 1099
f 1001 1099 1097
f 1100 1101 1097
f 1100 1097 1099
f 1101 1102 1098
f 1101 1098 1097
f 1000 1006 1103
f 1000 1103 1099
f 1006 1005 1104
f 1006 1104 1103
f 1105 1106 1103
f 1105 1103 1104
f 1106 1100 1099
f 1106 1099 1103
f 1005 1008 1107
f 1005 1107 1104
f 1008 914 1010
f 1008 1010 1107
f 1014 1108 1107
f 1014 1107 1010
f 1108 1105 1104
f 1108 1104 1107
f 1014 1013 1109
f 1014 1109 1110
f 1013 1012 1111
f 1013 1111 1109
f 1112 1113 1109
f 1112 1109 1111
f 1113 1114 1110
f 1113 1110 1109
f 1020 1019 1115
f 1020 1115 1116
f 1019 1018 1117
f 1019 1117 1115
f 1118 1119 1115
f 1118 1115 1117
f 1119 1120 1116
f 1119 1116 1115
f 1018 1024 1121
f 1018 1121 1117
f 1024 1023 1122
f 1024 1122 1121
f 1123 1124 1121
f 1123 1121 1122
f 1124 1118 1117
f 1124 1117 1121
f 1023 1028 1125
f 1023 1125 1122
f 1028 1027 1126
f 1028 1126 1125
f 1127 1128 1125
f 1127 1125 1126
f 1128 1123 1122
f 1128 1122 1125
f 1027 1032 1129
f 1027 1129 1126
f 1032 1031 1130
f 1032 1130 1129
f 1131 1132 1129
f 1131 1129 1130
f 1132 1127 1126
f 1132 1126 1129
f 1031 1036 1133
f 1031 1133 1130
f 1036 1035 1134
f 1036 1134 1133
f 1135 1136 1133
f 1135 1133 1134
f 1136 1131 1130
f 1136 1130 1133
f 1035 1040 1137
f 1035 1137 1134
f 1040 1039 1138
f 1040 1138 1137
f 1139 1140 1137
f 1139 1137 1138
f 1140 1135 1134
f 1140 1134 1137
f 1039 1044 1141
f 1039 1141 1138
f 1044 1043 1142
f 1044 1142 1141
f 1143 1144 1141
f 1143 1141 1142
f 1144 1139 1138
f 1144 1138 1141
f 1050 1049 1145
f 1050 1145 1146
f 1049 1048 1147
f 1049 1147 1145
f 1148 1149 1145
f 1148 1145 1147
f 1149 1150 1146
f 1149 1146 1145
f 1048 1054 1151
f 1048 1151 1147
f 1054 1053 1152
f 1054 1152 1151
f 1153 1154 1151
f 1153 1151 1152
f 1154 1148 1147
f 1154 1147 1151
f 1053 1058 1155
f 1053 1155 1152
f 1058 1057 1156
f 1058 1156 1155
f 1157 1158 1155
f 1157 1155 1156
f 1158 1153 1152
f 1158 1152 1155
f 1064 1063 1159
f 1064 1159 1160
f 1063 1062 1161
f 1063 1161 1159
f 1162 1163 1159
f 1162 1159 1161
f 1163 1164 1160
f 1163 1160 1159
f 1062 1068 1165
f 1062 1165 1161
f 1068 1067 1166
f 1068 1166 1165
f 1167 1168 1165
f 1167 1165 1166
f 1168 1162 1161
f 1168 1161 1165
f 1067 1072 1169
f 1067 1169 1166
f 1072 1071 1170
f 1072 1170 1169
f 1171 1172 1169
f 1171 1169 1170
f 1172 1167 1166
f 1172 1166 1169
f 1078 1077 1173
f 1078 1173 1174
f 1077 1076 1175
f 1077 1175 1173
f 1176 1177 1173
f 1176 1173 1175
f 1177 1178 1174
f 1177 1174 1173
f 1084 1083 1179
f 1084 1179 1180
f 1083 1082 1181
f 1083 1181 1179
f 1182 1183 1179
f 1182 1179 1181
f 1183 1184 1180
f 1183 1180 1179
f 1082 1088 1185
f 1082 1185 1181
f 1088 1087 1186
f 1088 1186 1185
f 1187 1188 1185
f 1187 1185 1186
f 1188 1182 1181
f 1188 1181 1185
f 1087 1092 1189
f 1087 1189 1186
f 1092 1091 1190
f 1092 1190 1189
f 1191 1192 1189
f 1191 1189 1190
f 1192 1187 1186
f 1192 1186 1189
f 1091 1096 1193
f 1091 1193 1190
f 1096 1095 1194
f 1096 1194 1193
f 1195 1196 1193
f 1195 1193 1194
f 1196 1191 1190
f 1196 1190 1193
f 1102 1101 1197
f 1102 1197 1198
f 1101 1100 1199
f 1101 1199 1197
f 1200 1201 1197
f 1200 1197 1199
f 1201 1202 1198
f 1201 1198 1197
f 1100 1106 1203
f 1100 1203 1199
f 1106 1105 1204
f 1106 1204 1203
f 1205 1206 1203
f 1205 1203 1204
f 1206 1200 1199
f 1206 1199 1203
f 1105 1108 1207
f 1105 1207 1204
f 1108 1014 1110
f 1108 1110 1207
f 1114 1208 1207
f 1114 1207 1110
f 1208 1205 1204
f 1208 1204 1207
f 1114 1113 1209
f 1114 1209 1210
f 1113 1112 1211
f 1113 1211 1209
f 1212 1213 1209
f 1212 1209 1211
f 1213 1214 1210
f 1213 1210 1209
f 1120 1119 1215
f 1120 1215 1216
f 1119 1118 1217
f 1119 1217 1215
f 1218 1219 1215
f 1218 1215 1217
f 1219 1220 1216
f 1219 1216 1215
f 1118 1124 1221
f 1118 1221 1217
f 1124 1123 1222
f 1124 1222 1221
f 1223 1224 1221
f 1223 1221 1222
f 1224 1218 1217
f 1224 1217 1221
f 1123 1128 1225
f 1123 1225 1222
f 1128 1127 1226
f 1128 1226 1225
f 1227 1228 1225
f 1227 1225 1226
f 1228 1223 1222
f 1228 1222 1225
f 1127 1132 1229
f 1127 1229 1226
f 1132 1131 1230
f 1132 1230 1229
f 1231 1232 1229
f 1231 1229 1230
f 1232 1227 1226
f 1232 1226 1229
f 1131 1136 1233
f 1131 1233 1230
f 1136 1135 1234
f 1136 1234 1233
f 1235 1236 1233
f 1235 1233 1234
f 1236 1231 1230
f 1236 1230 1233
f 1135 1140 1237
f 1135 1237 1234
f 1140 1139 1238
f 1140 1238 1237
f 1239 1240 1237
f 1239 1237 1238
f 1240 1235 1234
f 1240 1234 1237
f 1139 1144 1241
f 1139 1241 1238
f 1144 1143 1242
f 1144 1242 1241
f 1243 1244 1241
f 1243 1241 1242
f 1244 1245 1246
f 1244 1246 1241
f 1239 1238 1241
f 1239 1241 1246
f 1247 1248 1249
f 1247 1249 1250
f 1248 1251 1252
f 1248 1252 1249
f 1253 1254 1249
f 1253 1249 1252
f 1254 1255 1250
f 1254 1250 1249
f 1256 1257 1258
f 1256 1258 1259
f 1257 1153 1260
f 1257 1260 1258
f 1261 1262 1258
f 1261 1258 1260
f 1262 1251 1248
f 1262 1248 1258
f 1247 1259 1258
f 1247 1258 1248
f 1153 1158 1263
f 1153 1263 1260
f 1158 1157 1264
f 1158 1264 1263
f 1265 1266 1263
f 1265 1263 1264
f 1266 1261 1260
f 1266 1260 1263
f 1164 1163 1267
f 1164 1267 1268
f 1163 1162 1269
f 1163 1269 1267
f 1270 1271 1267
f 1270 1267 1269
f 1271 1272 1268
f 1271 1268 1267
f 1162 1168 1273
f 1162 1273 1269
f 1168 1167 1274
f 1168 1274 1273
f 1275 1276 1273
f 1275 1273 1274
f 1276 1270 1269
f 1276 1269 1273
f 1167 1172 1277
f 1167 1277 1274
f 1172 1171 1278
f 1172 1278 1277
f 1279 1280 1277
f 1279 1277 1278
f 1280 1275 1274
f 1280 1274 1277
f 1178 1177 1281
f 1178 1281 1282
f 1177 1176 1283
f 1177 1283 1281
f 1284 1285 1281
f 1284 1281 1283
f 1285 1286 1282
f 1285 1282 1281
f 1184 1183 1287
f 1184 1287 1288
f 1183 1182 1289
f 1183 1289 1287
f 1290 1291 1287
f 1290 1287 1289
f 1291 1292 1288
f 1291 1288 1287
f 1182 1188 1293
f 1182 1293 1289
f 1188 1187 1294
f 1188 1294 1293
f 1295 1296 1293
f 1295 1293 1294
f 1296 1290 1289
f 1296 1289 1293
f 1187 1192 1297
f 1187 1297 1294
f 1192 1191 1298
f 1192 1298 1297
f 1299 1300 1297
f 1299 1297 1298
f 1300 1295 1294
f 1300 1294 1297
f 1191 1196 1301
f 1191 1301 1298
f 1196 1195 1302
f 1196 1302 1301
f 1303 1304 1301
f 1303 1301 1302
f 1304 1299 1298
f 1304 1298 1301
f 1202 1201 1305
f 1202 1305 1306
f 1201 1200 1307
f 1201 1307 1305
f 1308 1309 1305
f 1308 1305 1307
f 1309 1310 1306
f 1309 1306 1305
f 1200 1206 1311
f 1200 1311 1307
f 1206 1205 1312
f 1206 1312 1311
f 1313 1314 1311
f 1313 1311 1312
f 1314 1308 1307
f 1314 1307 1311
f 1205 1208 1315
f 1205 1315 1312
f 1208 1114 1210
f 1208 1210 1315
f 1214 1316 1315
f 1214 1315 1210
f 1316 1313 1312
f 1316 1312 1315
f 1214 1213 1317
f 1214 1317 1318
f 1213 1212 1319
f 1213 1319 1317
f 1320 1321 1317
f 1320 1317 1319
f 1321 1322 1318
f 1321 1318 1317
f 1220 1219 1323
f 1220 1323 1324
f 1219 1218 1325
f 1219 1325 1323
f 1326 1327 1323
f 1326 1323 1325
f 1327 1328 1324
f 1327 1324 1323
f 1218 1224 1329
f 1218 1329 1325
f 1224 1223 1330
f 1224 1330 1329
f 1331 1332 1329
f 1331 1329 1330
f 1332 1326 1325
f 1332 1325 1329
f 1223 1228 1333
f 1223 1333 1330
f 1228 1227 1334
f 1228 1334 1333
f 1335 1336 1333
f 1335 1333 1334
f 1336 1331 1330
f 1336 1330 1333
f 1227 1232 1337
f 1227 1337 1334
f 1232 1231 1338
f 1232 1338 1337
f 1339 1340 1337
f 1339 1337 1338
f 1340 1335 1334
f 1340 1334 1337
f 1231 1236 1341
f 1231 1341 1338
f 1236 1235 1342
f 1236 1342 1341
f 1343 1344 1341
f 1343 1341 1342
f 1344 1339 1338
f 1344 1338 1341
f 1235 1240 1345
f 1235 1345 1342
f 1240 1239 1346
f 1240 1346 1345
f 1347 1348 1345
f 1347 1345 1346
f 1348 1343 1342
f 1348 1342 1345
f 1239 1246 1349
f 1239 1349 1346
f 1246 1245 1350
f 1246 1350 1349
f 1351 1352 1349
f 1351 1349 1350
f 1352 1353 1354
f 1352 1354 1349
f 1347 1346 1349
f 1347 1349 1354
f 1355 1356 1357
f 1355 1357 1358
f 1356 1359 1360
f 1356 1360 1357
f 1361 1362 1357
f 1361 1357 1360
f 1362 1363 1358
f 1362 1358 1357
f 1251 1262 1364
f 1251 1364 1365
f 1262 1261 1366
f 1262 1366 1364
f 1367 1368 1364
f 1367 1364 1366
f 1368 1359 1356
f 1368 1356 1364
f 1355 1365 1364
f 1355 1364 1356
f 1261 1266 1369
f 1261 1369 1366
f 1266 1265 1370
f 1266 1370 1369
f 1371 1372 1369
f 1371 1369 1370
f 1372 1367 1366
f 1372 1366 1369
f 1272 1271 1373
f 1272 1373 1374
f 1271 1270 1375
f 1271 1375 1373
f 1376 1377 1373
f 1376 1373 1375
f 1377 1378 1374
f 1377 1374 1373
f 1270 1276 1379
f 1270 1379 1375
f 1276 1275 1380
f 1276 1380 1379
f 1381 1382 1379
f 1381 1379 1380
f 1382 1376 1375
f 1382 1375 1379
f 1275 1280 1383
f 1275 1383 1380
f 1280 1279 1384
f 1280 1384 1383
f 1385 1386 1383
f 1385 1383 1384
f 1386 1381 1380
f 1386 1380 1383
f 1286 1285 1387
f 1286 1387 1388
f 1285 1284 1389
f 1285 1389 1387
f 1390 1391 1387
f 1390 1387 1389
f 1391 1392 1388
f 1391 1388 1387
f 1292 1291 1393
f 1292 1393 1394
f 1291 1290 1395
f 1291 1395 1393
f 1396 1397 1393
f 1396 1393 1395
f 1397 1398 1394
f 1397 1394 1393
f 1290 1296 1399
f 1290 1399 1395
f 1296 1295 1400
f 1296 1400 1399
f 1401 1402 1399
f 1401 1399 1400
f 1402 1396 1395
f 1402 1395 1399
f 1295 1300 1403
f 1295 1403 1400
f 1300 1299 1404
f 1300 1404 1403
f 1405 1406 1403
f 1405 1403 1404
f 1406 1401 1400
f 1406 1400 1403
f 1299 1304 1407
f 1299 1407 1404
f 1304 1303 1408
f 1304 1408 1407
f 1409 1410 1407
f 1409 1407 1408
f 1410 1405 1404
f 1410 1404 1407
f 1310 1309 1411
f 1310 1411 1412
f 1309 1308 1413
f 1309 1413 1411
f 1414 1415 1411
f 1414 1411 1413
f 1415 1416 1412
f 1415 1412 1411
f 1308 1314 1417
f 1308 1417 1413
f 1314 1313 1418
f 1314 1418 1417
f 1419 1420 1417
f 1419 1417 1418
f 1420 1414 1413
f 1420 1413 1417
f 1313 1316 1421
f 1313 1421 1418
f 1316 1214 1318
f 1316 1318 1421
f 1322 1422 1421
f 1322 1421 1318
f 1422 1419 1418
f 1422 1418 1421
f 1322 1321 1423
f 1322 1423 1424
f 1321 1320 1425
f 1321 1425 1423
f 1426 1427 1423
f 1426 1423 1425
f 1427 1428 1424
f 1427 1424 1423
f 1328 1327 1429
f 1328 1429 1430
f 1327 1326 1431
f 1327 1431 1429
f 1432 1433 1429
f 1432 1429 1431
f 1433 1434 1430
f 1433 1430 1429
f 1326 1332 1435
f 1326 1435 1431
f 1332 1331 1436
f 1332 1436 1435
f 1437 1438 1435
f 1437 1435 1436
f 1438 1432 1431
f 1438 1431 1435
f 1331 1336 1439
f 1331 1439 1436
f 1336 1335 1440
f 1336 1440 1439
f 1441 1442 1439
f 1441 1439 1440
f 1442 1437 1436
f 1442 1436 1439
f 1335 1340 1443
f 1335 1443 1440
f 1340 1339 1444
f 1340 1444 1443
f 1445 1446 1443
f 1445 1443 1444
f 1446 1441 1440
f 1446 1440 1443
f 1339 1344 1447
f 1339 1447 1444
f 1344 1343 1448
f 1344 1448 1447
f 1449 1450 1447
f 1449 1447 1448
f 1450 1445 1444
f 1450 1444 1447
f 1343 1348 1451
f 1343 1451 1448
f 1348 1347 1452
f 1348 1452 1451
f 1453 1454 1451
f 1453 1451 1452
f 1454 1449 1448
f 1454 1448 1451
f 1347 1354 1455
f 1347 1455 1452
f 1354 1353 1456
f 1354 1456 1455
f 1457 1458 1455
f 1457 1455 1456
f 1458 1453 1452
f 1458 1452 1455
f 1361 1360 1459
f 1361 1459 1460
f 1360 1359 1461
f 1360 1461 1459
f 1462 1463 1459
f 1462 1459 1461
f 1463 1464 1460
f 1463 1460 1459
f 1359 1368 1465
f 1359 1465 1461
f 1368 1367 1466
f 1368 1466 1465
f 1467 1468 1465
f 1467 1465 1466
f 1468 1462 1461
f 1468 1461 1465
f 1367 1372 1469
f 1367 1469 1466
f 1372 1371 1470
f 1372 1470 1469
f 1471 1472 1469
f 1471 1469 1470
f 1472 1467 1466
f 1472 1466 1469
f 1378 1377 1473
f 1378 1473 1474
f 1377 1376 1475
f 1377 1475 1473
f 1476 1477 1473
f 1476 1473 1475
f 1477 1478 1474
f 1477 1474 1473
f 1376 1382 1479
f 1376 1479 1475
f 1382 1381 1480
f 1382 1480 1479
f 1481 1482 1479
f 1481 1479 1480
f 1482 1476 1475
f 1482 1475 1479
f 1381 1386 1483
f 1381 1483 1480
f 1386 1385 1484
f 1386 1484 1483
f 1485 1486 1483
f 1485 1483 1484
f 1486 1481 1480
f 1486 1480 1483
f 1392 1391 1487
f 1392 1487 1488
f 1391 1390 1489
f 1391 1489 1487
f 1490 1491 1487
f 1490 1487 1489
f 1491 1492 1488
f 1491 1488 1487
f 1398 1397 1493
f 1398 1493 1494
f 1397 1396 1495
f 1397 1495 1493
f 1496 1497 1493
f 1496 1493 1495
f 1497 1498 1494
f 1497 1494 1493
f 1396 1402 1499
f 1396 1499 1495
f 1402 1401 1500
f 1402 1500 1499
f 1501 1502 1499
f 1501 1499 1500
f 1502 1496 1495
f 1502 1495 1499
f 1401 1406 1503
f 1401 1503 1500
f 1406 1405 1504
f 1406 1504 1503
f 1505 1506 1503
f 1505 1503 1504
f 1506 1501 1500
f 1506 1500 1503
f 1405 1410 1507
f 1405 1507 1504
f 1410 1409 1508
f 1410 1508 1507
f 1509 1510 1507
f 1509 1507 1508
f 1510 1505 1504
f 1510 1504 1507
f 1416 1415 1511
f 1416 1511 1512
f 1415 1414 1513
f 1415 1513 1511
f 1514 1515 1511
f 1514 1511 1513
f 1515 1516 1512
f 1515 1512 1511
f 1414 1420 1517
f 1414 1517 1513
f 1420 1419 1518
f 1420 1518 1517
f 1519 1520 1517
f 1519 1517 1518
f 1520 1514 1513
f 1520 1513 1517
f 1419 1422 1521
f 1419 1521 1518
f 1422 1322 1424
f 1422 1424 1521
f 1428 1522 1521
f 1428 1521 1424
f 1522 1519 1518
f 1522 1518 1521
f 1428 1427 1523
f 1428 1523 1524
f 1427 1426 1525
f 1427 1525 1523
f 1526 1527 1523
f 1526 1523 1525
f 1527 1528 1524
f 1527 1524 1523
f 1434 1433 1529
f 1434 1529 1530
f 1433 1432 1531
f 1433 1531 1529
f 1532 1533 1529
f 1532 1529 1531
f 1533 1534 1530
f 1533 1530 1529
f 1432 1438 1535
f 1432 1535 1531
f 1438 1437 1536
f 1438 1536 1535
f 1537 1538 1535
f 1537 1535 1536
f 1538 1532 1531
f 1538 1531 1535
f 1437 1442 1539
f 1437 1539 1536
f 1442 1441 1540
f 1442 1540 1539
f 1541 1542 1539
f 1541 1539 1540
f 1542 1537 1536
f 1542 1536 1539
f 1441 1446 1543
f 1441 1543 1540
f 1446 1445 1544
f 1446 1544 1543
f 1545 1546 1543
f 1545 1543 1544
f 1546 1541 1540
f 1546 1540 1543
f 1445 1450 1547
f 1445 1547 1544
f 1450 1449 1548
f 1450 1548 1547
f 1549 1550 1547
f 1549 1547 1548
f 1550 1545 1544
f 1550 1544 1547
f 1449 1454 1551
f 1449 1551 1548
f 1454 1453 1552
f 1454 1552 1551
f 1553 1554 1551
f 1553 1551 1552
f 1554 1549 1548
f 1554 1548 1551
f 1453 1458 1555
f 1453 1555 1552
f 1458 1457 1556
f 1458 1556 1555
f 1557 1558 1555
f 1557 1555 1556
f 1558 1553 1552
f 1558 1552 1555
f 1464 1463 1559
f 1464 1559 1560
f 1463 1462 1561
f 1463 1561 1559
f 1562 1563 1559
f 1562 1559 1561
f 1563 1564 1560
f 1563 1560 1559
f 1462 1468 1565
f 1462 1565 1561
f 1468 1467 1566
f 1468 1566 1565
f 1567 1568 1565
f 1567 1565 1566
f 1568 1562 1561
f 1568 1561 1565
f 1467 1472 1569
f 1467 1569 1566
f 1472 1471 1570
f 1472 1570 1569
f 1571 1572 1569
f 1571 1569 1570
f 1572 1567 1566
f 1572 1566 1569
f 1478 1477 1573
f 1478 1573 1574
f 1477 1476 1575
f 1477 1575 1573
f 1576 1577 1573
f 1576 1573 1575
f 1577 1578 1574
f 1577 1574 1573
f 1476 1482 1579
f 1476 1579 1575
f 1482 1481 1580
f 1482 1580 1579
f 1581 1582 1579
f 1581 1579 1580
f 1582 1576 1575
f 1582 1575 1579
f 1481 1486 1583
f 1481 1583 1580
f 1486 1485 1584
f 1486 1584 1583
f 1585 1586 1583
f 1585 1583 1584
f 1586 1581 1580
f 1586 1580 1583
f 1492 1491 1587
f 1492 1587 1588
f 1491 1490 1589
f 1491 1589 1587
f 1590 1591 1587
f 1590 1587 1589
f 1591 1592 1588
f 1591 1588 1587
f 1498 1497 1593
f 1498 1593 1594
f 1497 1496 1595
f 1497 1595 1593
f 1596 1597 1593
f 1596 1593 1595
f 1597 1598 1594
f 1597 1594 1593
f 1496 1502 1599
f 1496 1599 1595
f 1502 1501 1600
f 1502 1600 1599
f 1601 1602 1599
f 1601 1599 1600
f 1602 1596 1595
f 1602 1595 1599
f 1501 1506 1603
f 1501 1603 1600
f 1506 1505 1604
f 1506 1604 1603
f 1605 1606 1603
f 1605 1603 1604
f 1606 1601 1600
f 1606 1600 1603
f 1505 1510 1607
f 1505 1607 1604
f 1510 1509 1608
f 1510 1608 1607
f 1609 1610 1607
f 1609 1607 1608
f 1610 1605 1604
f 1610 1604 1607
f 1516 1515 1611
f 1516 1611 1612
f 1515 1514 1613
f 1515 1613 1611
f 1614 1615 1611
f 1614 1611 1613
f 1615 1616 1612
f 1615 1612 1611
f 1514 1520 1617
f 1514 1617 1613
f 1520 1519 1618
f 1520 1618 1617
f 1619 1620 1617
f 1619 1617 1618
f 1620 1614 1613
f 1620 1613 1617
f 1519 1522 1621
f 1519 1621 1618
f 1522 1428 1524
f 1522 1524 1621
f 1528 1622 1621
f 1528 1621 1524
f 1622 1619 1618
f 1622 1618 1621
f 1528 1527 1623
f 1528 1623 1624
f 1527 1526 1625
f 1527 1625 1623
f 1626 1627 1623
f 1626 1623 1625
f 1627 1628 1624
f 1627 1624 1623
f 1534 1533 1629
f 1534 1629 1630
f 1533 1532 1631
f 1533 1631 1629
f 1632 1633 1629
f 1632 1629 1631
f 1633 1634 1630
f 1633 1630 1629
f 1532 1538 1635
f 1532 1635 1631
f 1538 1537 1636
f 1538 1636 1635
f 1637 1638 1635
f 1637 1635 1636
f 1638 1632 1631
f 1638 1631 1635
f 1537 1542 1639
f 1537 1639 1636
f 1542 1541 1640
f 1542 1640 1639
f 1641 1642 1639
f 1641 1639 1640
f 1642 1637 1636
f 1642 1636 1639
f 1541 1546 1643
f 1541 1643 1640
f 1546 1545 1644
f 1546 1644 1643
f 1645 1646 1643
f 1645 1643 1644
f 1646 1641 1640
f 1646 1640 1643
f 1545 1550 1647
f 1545 1647 1644
f 1550 1549 1648
f 1550 1648 1647
f 1649 1650 1647
f 1649 1647 1648
f 1650 1645 1644
f 1650 1644 1647
f 1549 1554 1651
f 1549 1651 1648
f 1554 1553 1652
f 1554 1652 1651
f 1653 1654 1651
f 1653 1651 1652
f 1654 1649 1648
f 1654 1648 1651
f 1553 1558 1655
f 1553 1655 1652
f 1558 1557 1656
f 1558 1656 1655
f 1657 1658 1655
f 1657 1655 1656
f 1658 1653 1652
f 1658 1652 1655
f 1564 1563 1659
f 1564 1659 1660
f 1563 1562 1661
f 1563 1661 1659
f 1662 1663 1659
f 1662 1659 1661
f 1663 1664 1660
f 1663 1660 1659
f 1562 1568 1665
f 1562 1665 1661
f 1568 1567 1666
f 1568 1666 1665
f 1667 1668 1665
f 1667 1665 1666
f 1668 1662 1661
f 1668 1661 1665
f 1567 1572 1669
f 1567 1669 1666
f 1572 1571 1670
f 1572 1670 1669
f 1671 1672 1669
f 1671 1669 1670
f 1672 1667 1666
f 1672 1666 1669
f 1578 1577 1673
f 1578 1673 1674
f 1577 1576 1675
f 1577 1675 1673
f 1676 1677 1673
f 1676 1673 1675
f 1677 1678 1674
f 1677 1674 1673
f 1576 1582 1679
f 1576 1679 1675
f 1582 1581 1680
f 1582 1680 1679
f 1681 1682 1679
f 1681 1679 1680
f 1682 1676 1675
f 1682 1675 1679
f 1581 1586 1683
f 1581 1683 1680
f 1586 1585 1684
f 1586 1684 1683
f 1685 1686 1683
f 1685 1683 1684
f 1686 1681 1680
f 1686 1680 1683
f 1592 1591 1687
f 1592 1687 1688
f 1591 1590 1689
f 1591 1689 1687
f 1690 1691 1687
f 1690 1687 1689
f 1691 1692 1688
f 1691 1688 1687
f 1598 1597 1693
f 1598 1693 1694
f 1597 1596 1695
f 1597 1695 1693
f 1696 1697 1693
f 1696 1693 1695
f 1697 1698 1694
f 1697 1694 1693
f 1596 1602 1699
f 1596 1699 1695
f 1602 1601 1700
f 1602 1700 1699
f 1701 1702 1699
f 1701 1699 1700
f 1702 1696 1695
f 1702 1695 1699
f 1601 1606 1703
f 1601 1703 1700
f 1606 1605 1704
f 1606 1704 1703
f 1705 1706 1703
f 1705 1703 1704
f 1706 1701 1700
f 1706 1700 1703
f 1605 1610 1707
f 1605 1707 1704
f 1610 1609 1708
f 1610 1708 1707
f 1709 1710 1707
f 1709 1707 1708
f 1710 1705 1704
f 1710 1704 1707
f 1616 1615 1711
f 1616 1711 1712
f 1615 1614 1713
f 1615 1713 1711
f 1714 1715 1711
f 1714 1711 1713
f 1715 1716 1712
f 1715 1712 1711
f 1614 1620 1717
f 1614 1717 1713
f 1620 1619 1718
f 1620 1718 1717
f 1719 1720 1717
f 1719 1717 1718
f 1720 1714 1713
f 1720 1713 1717
f 1619 1622 1721
f 1619 1721 1718
f 1622 1528 1624
f 1622 1624 1721
f 1628 1722 1721
f 1628 1721 1624
f 1722 1719 1718
f 1722 1718 1721
f 1628 1627 1723
f 1628 1723 1724
f 1627 1626 1725
f 1627 1725 1723
f 1726 1727 1723
f 1726 1723 1725
f 1727 1728 1724
f 1727 1724 1723
f 1634 1633 1729
f 1634 1729 1730
f 1633 1632 1731
f 1633 1731 1729
f 1732 1733 1729
f 1732 1729 1731
f 1733 1734 1730
f 1733 1730 1729
f 1632 1638 1735
f 1632 1735 1731
f 1638 1637 1736
f 1638 1736 1735
f 1737 1738 1735
f 1737 1735 1736
f 1738 1732 1731
f 1738 1731 1735
f 1637 1642 1739
f 1637 1739 1736
f 1642 1641 1740
f 1642 1740 1739
f 1741 1742 1739
f 1741 1739 1740
f 1742 1737 1736
f 1742 1736 1739
f 1641 1646 1743
f 1641 1743 1740
f 1646 1645 1744
f 1646 1744 1743
f 1745 1746 1743
f 1745 1743 1744
f 1746 1741 1740
f 1746 1740 1743
f 1645 1650 1747
f 1645 1747 1744
f 1650 1649 1748
f 1650 1748 1747
f 1749 1750 1747
f 1749 1747 1748
f 1750 1745 1744
f 1750 1744 1747
f 1649 1654 1751
f 1649 1751 1748
f 1654 1653 1752
f 1654 1752 1751
f 1753 1754 1751
f 1753 1751 1752
f 1754 1749 1748
f 1754 1748 1751
f 1653 1658 1755
f 1653 1755 1752
f 1658 1657 1756
f 1658 1756 1755
f 1757 1758 1755
f 1757 1755 1756
f 1758 1753 1752
f 1758 1752 1755
f 1664 1663 1759
f 1664 1759 1760
f 1663 1662 1761
f 1663 1761 1759
f 1762 1763 1759
f 1762 1759 1761
f 1763 1764 1760
f 1763 1760 1759
f 1662 1668 1765
f 1662 1765 1761
f 1668 1667 1766
f 1668 1766 1765
f 1767 1768 1765
f 1767 1765 1766
f 1768 1762 1761
f 1768 1761 1765
f 1667 1672 1769
f 1667 1769 1766
f 1672 1671 1770
f 1672 1770 1769
f 1771 1772 1769
f 1771 1769 1770
f 1772 1767 1766
f 1772 1766 1769
f 1678 1677 1773
f 1678 1773 1774
f 1677 1676 1775
f 1677 1775 1773
f 1776 1777 1773
f 1776 1773 1775
f 1777 1778 1774
f 1777 1774 1773
f 1676 1682 1779
f 1676 1779 1775
f 1682 1681 1780
f 1682 1780 1779
f 1781 1782 1779
f 1781 1779 1780
f 1782 1776 1775
f 1782 1775 1779
f 1783 1784 1785
f 1783 1785 1786
f 1784 1787 1788
f 1784 1788 1785
f 1789 1786 1785
f 1789 1785 1788
f 1692 1691 1790
f 1692 1790 1791
f 1691 1690 1792
f 1691 1792 1790
f 1793 1794 1790
f 1793 1790 1792
f 1794 1795 1791
f 1794 1791 1790
f 1698 1697 1796
f 1698 1796 1797
f 1697 1696 1798
f 1697 1798 1796
f 1799 1800 1796
f 1799 1796 1798
f 1800 1801 1797
f 1800 1797 1796
f 1696 1702 1802
f 1696 1802 1798
f 1702 1701 1803
f 1702 1803 1802
f 1804 1805 1802
f 1804 1802 1803
f 1805 1799 1798
f 1805 1798 1802
f 1701 1706 1806
f 1701 1806 1803
f 1706 1705 1807
f 1706 1807 1806
f 1808 1809 1806
f 1808 1806 1807
f 1809 1804 1803
f 1809 1803 1806
f 1705 1710 1810
f 1705 1810 1807
f 1710 1709 1811
f 1710 1811 1810
f 1812 1813 1810
f 1812 1810 1811
f 1813 1808 1807
f 1813 1807 1810
f 1716 1715 1814
f 1716 1814 1815
f 1715 1714 1816
f 1715 1816 1814
f 1817 1818 1814
f 1817 1814 1816
f 1818 1819 1815
f 1818 1815 1814
f 1714 1720 1820
f 1714 1820 1816
f 1720 1719 1821
f 1720 1821 1820
f 1822 1823 1820
f 1822 1820 1821
f 1823 1817 1816
f 1823 1816 1820
f 1719 1722 1824
f 1719 1824 1821
f 1722 1628 1724
f 1722 1724 1824
f 1728 1825 1824
f 1728 1824 1724
f 1825 1822 1821
f 1825 1821 1824
f 1728 1727 1826
f 1728 1826 1827
f 1727 1726 1828
f 1727 1828 1826
f 1829 1830 1826
f 1829 1826 1828
f 1830 1831 1827
f 1830 1827 1826
f 1734 1733 1832
f 1734 1832 1833
f 1733 1732 1834
f 1733 1834 1832
f 1835 1836 1832
f 1835 1832 1834
f 1836 1837 1833
f 1836 1833 1832
f 1732 1738 1838
f 1732 1838 1834
f 1738 1737 1839
f 1738 1839 1838
f 1840 1841 1838
f 1840 1838 1839
f 1841 1835 1834
f 1841 1834 1838
f 1737 1742 1842
f 1737 1842 1839
f 1742 1741 1843
f 1742 1843 1842
f 1844 1845 1842
f 1844 1842 1843
f 1845 1840 1839
f 1845 1839 1842
f 1741 1746 1846
f 1741 1846 1843
f 1746 1745 1847
f 1746 1847 1846
f 1848 1849 1846
f 1848 1846 1847
f 1849 1844 1843
f 1849 1843 1846
f 1745 1750 1850
f 1745 1850 1847
f 1750 1749 1851
f 1750 1851 1850
f 1852 1853 1850
f 1852 1850 1851
f 1853 1848 1847
f 1853 1847 1850
f 1749 1754 1854
f 1749 1854 1851
f 1754 1753 1855
f 1754 1855 1854
f 1856 1857 1854
f 1856 1854 1855
f 1857 1852 1851
f 1857 1851 1854
f 1753 1758 1858
f 1753 1858 1855
f 1758 1757 1859
f 1758 1859 1858
f 1860 1861 1858
f 1860 1858 1859
f 1861 1856 1855
f 1861 1855 1858
f 1764 1763 1862
f 1764 1862 1863
f 1763 1762 1864
f 1763 1864 1862
f 1865 1866 1862
f 1865 1862 1864
f 1866 1867 1863
f 1866 1863 1862
f 1762 1768 1868
f 1762 1868 1864
f 1768 1767 1869
f 1768 1869 1868
f 1870 1871 1868
f 1870 1868 1869
f 1871 1865 1864
f 1871 1864 1868
f 1767 1772 1872
f 1767 1872 1869
f 1772 1771 1873
f 1772 1873 1872
f 1874 1875 1872
f 1874 1872 1873
f 1875 1870 1869
f 1875 1869 1872
f 1778 1777 1876
f 1778 1876 1877
f 1777 1776 1878
f 1777 1878 1876
f 1879 1880 1876
f 1879 1876 1878
f 1880 1881 1877
f 1880 1877 1876
f 1776 1782 1882
f 1776 1882 1878
f 1782 1781 1883
f 1782 1883 1882
f 1884 1885 1882
f 1884 1882 1883
f 1885 1879 1878
f 1885 1878 1882
f 1789 1788 1886
f 1789 1886 1887
f 1788 1787 1888
f 1788 1888 1886
f 1889 1890 1886
f 1889 1886 1888
f 1890 1891 1887
f 1890 1887 1886
f 1795 1794 1892
f 1795 1892 1893
f 1794 1793 1894
f 1794 1894 1892
f 1895 1896 1892
f 1895 1892 1894
f 1896 1897 1893
f 1896 1893 1892
f 1801 1800 1898
f 1801 1898 1899
f 1800 1799 1900
f 1800 1900 1898
f 1901 1902 1898
f 1901 1898 1900
f 1902 1903 1899
f 1902 1899 1898
f 1799 1805 1904
f 1799 1904 1900
f 1805 1804 1905
f 1805 1905 1904
f 1906 1907 1904
f 1906 1904 1905
f 1907 1901 1900
f 1907 1900 1904
f 1804 1809 1908
f 1804 1908 1905
f 1809 1808 1909
f 1809 1909 1908
f 1910 1911 1908
f 1910 1908 1909
f 1911 1906 1905
f 1911 1905 1908
f 1808 1813 1912
f 1808 1912 1909
f 1813 1812 1913
f 1813 1913 1912
f 1914 1915 1912
f 1914 1912 1913
f 1915 1910 1909
f 1915 1909 1912
f 1819 1818 1916
f 1819 1916 1917
f 1818 1817 1918
f 1818 1918 1916
f 1919 1920 1916
f 1919 1916 1918
f 1920 1921 1917
f 1920 1917 1916
f 1817 1823 1922
f 1817 1922 1918
f 1823 1822 1923
f 1823 1923 1922
f 1924 1925 1922
f 1924 1922 1923
f 1925 1919 1918
f 1925 1918 1922
f 1822 1825 1926
f 1822 1926 1923
f 1825 1728 1827
f 1825 1827 1926
f 1831 1927 1926
f 1831 1926 1827
f 1927 1924 1923
f 1927 1923 1926
f 1831 1830 1928
f 1831 1928 1929
f 1830 1829 1930
f 1830 1930 1928
f 1931 1932 1928
f 1931 1928 1930
f 1932 1933 1929
f 1932 1929 1928
f 1934 1935 1936
f 1934 1936 1937
f 1935 1938 1939
f 1935 1939 1936
f 1940 1941 1936
f 1940 1936 1939
f 1941 1942 1937
f 1941 1937 1936
f 1943 1944 1945
f 1943 1945 1946
f 1944 1947 1948
f 1944 1948 1945
f 1949 1950 1945
f 1949 1945 1948
f 1950 1951 1952
f 1950 1952 1945
f 1953 1946 1945
f 1953 1945 1952
f 1954 1955 1956
f 1954 1956 1957
f 1955 1958 1959
f 1955 1959 1956
f 1960 1961 1956
f 1960 1956 1959
f 1961 1962 1957
f 1961 1957 1956
f 1958 1963 1964
f 1958 1964 1959
f 1963 1965 1966
f 1963 1966 1964
f 1967 1968 1964
f 1967 1964 1966
f 1968 1960 1959
f 1968 1959 1964
f 1965 1969 1970
f 1965 1970 1966
f 1969 1971 1972
f 1969 1972 1970
f 1973 1974 1970
f 1973 1970 1972
f 1974 1967 1966
f 1974 1966 1970
f 1975 1976 1977
f 1975 1977 1978
f 1976 1979 1980
f 1976 1980 1977
f 1981 1982 1977
f 1981 1977 1980
f 1982 1983 1978
f 1982 1978 1977
f 1984 1985 1986
f 1984 1986 1987
f 1985 1988 1989
f 1985 1989 1986
f 1990 1991 1986
f 1990 1986 1989
f 1991 1992 1987
f 1991 1987 1986
f 1867 1866 1993
f 1867 1993 1994
f 1866 1865 1995
f 1866 1995 1993
f 1996 1997 1993
f 1996 1993 1995
f 1997 1998 1994
f 1997 1994 1993
f 1865 1871 1999
f 1865 1999 1995
f 1871 1870 2000
f 1871 2000 1999
f 2001 2002 1999
f 2001 1999 2000
f 2002 1996 1995
f 2002 1995 1999
f 1870 1875 2003
f 1870 2003 2000
f 1875 1874 2004
f 1875 2004 2003
f 2005 2006 2003
f 2005 2003 2004
f 2006 2001 2000
f 2006 2000 2003
f 1881 1880 2007
f 1881 2007 2008
f 1880 1879 2009
f 1880 2009 2007
f 2010 2011 2007
f 2010 2007 2009
f 2011 2012 2008
f 2011 2008 2007
f 1879 1885 2013
f 1879 2013 2009
f 1885 1884 2014
f 1885 2014 2013
f 2015 2016 2013
f 2015 2013 2014
f 2016 2010 2009
f 2016 2009 2013
f 1891 1890 2017
f 1891 2017 2018
f 1890 1889 2019
f 1890 2019 2017
f 2020 2021 2017
f 2020 2017 2019
f 2021 2022 2018
f 2021 2018 2017
f 1897 1896 2023
f 1897 2023 2024
f 1896 1895 2025
f 1896 2025 2023
f 2026 2027 2023
f 2026 2023 2025
f 2027 2028 2024
f 2027 2024 2023
f 1903 1902 2029
f 1903 2029 2030
f 1902 1901 2031
f 1902 2031 2029
f 2032 2033 2029
f 2032 2029 2031
f 2033 2034 2030
f 2033 2030 2029
f 1901 1907 2035
f 1901 2035 2031
f 1907 1906 2036
f 1907 2036 2035
f 2037 2038 2035
f 2037 2035 2036
f 2038 2032 2031
f 2038 2031 2035
f 1906 1911 2039
f 1906 2039 2036
f 1911 1910 2040
f 1911 2040 2039
f 2041 2042 2039
f 2041 2039 2040
f 2042 2037 2036
f 2042 2036 2039
f 1910 1915 2043
f 1910 2043 2040
f 1915 1914 2044
f 1915 2044 2043
f 2045 2046 2043
f 2045 2043 2044
f 2046 2041 2040
f 2046 2040 2043
f 1921 1920 2047
f 1921 2047 2048
f 1920 1919 2049
f 1920 2049 2047
f 2050 2051 2047
f 2050 2047 2049
f 2051 2052 2048
f 2051 2048 2047
f 1919 1925 2053
f 1919 2053 2049
f 1925 1924 2054
f 1925 2054 2053
f 2055 2056 2053
f 2055 2053 2054
f 2056 2050 2049
f 2056 2049 2053
f 1924 1927 2057
f 1924 2057 2054
f 1927 1831 1929
f 1927 1929 2057
f 1933 2058 2057
f 1933 2057 1929
f 2058 2055 2054
f 2058 2054 2057
f 1933 1932 2059
f 1933 2059 2060
f 1932 1931 2061
f 1932 2061 2059
f 2062 2063 2059
f 2062 2059 2061
f 2063 2064 2060
f 2063 2060 2059
f 1942 1941 2065
f 1942 2065 2066
f 1941 1940 2067
f 1941 2067 2065
f 2068 2069 2065
f 2068 2065 2067
f 2069 2070 2066
f 2069 2066 2065
f 1953 1952 2071
f 1953 2071 2072
f 1952 1951 2073
f 1952 2073 2071
f 2074 2075 2071
f 2074 2071 2073
f 2075 2076 2072
f 2075 2072 2071
f 1962 1961 2077
f 1962 2077 2078
f 1961 1960 2079
f 1961 2079 2077
f 2080 2081 2077
f 2080 2077 2079
f 2081 2082 2078
f 2081 2078 2077
f 1960 1968 2083
f 1960 2083 2079
f 1968 1967 2084
f 1968 2084 2083
f 2085 2086 2083
f 2085 2083 2084
f 2086 2080 2079
f 2086 2079 2083
f 1967 1974 2087
f 1967 2087 2084
f 1974 1973 2088
f 1974 2088 2087
f 2089 2090 2087
f 2089 2087 2088
f 2090 2085 2084
f 2090 2084 2087
f 1983 1982 2091
f 1983 2091 2092
f 1982 1981 2093
f 1982 2093 2091
f 2094 2095 2091
f 2094 2091 2093
f 2095 2096 2092
f 2095 2092 2091
f 1992 1991 2097
f 1992 2097 2098
f 1991 1990 2099
f 1991 2099 2097
f 2100 2101 2097
f 2100 2097 2099
f 2101 2102 2098
f 2101 2098 2097
f 1998 1997 2103
f 1998 2103 2104
f 1997 1996 2105
f 1997 2105 2103
f 2106 2107 2103
f 2106 2103 2105
f 2107 2108 2104
f 2107 2104 2103
f 1996 2002 2109
f 1996 2109 2105
f 2002 2001 2110
f 2002 2110 2109
f 2111 2112 2109
f 2111 2109 2110
f 2112 2106 2105
f 2112 2105 2109
f 2001 2006 2113
f 2001 2113 2110
f 2006 2005 2114
f 2006 2114 2113
f 2115 2116 2113
f 2115 2113 2114
f 2116 2111 2110
f 2116 2110 2113
f 2012 2011 2117
f 2012 2117 2118
f 2011 2010 2119
f 2011 2119 2117
f 2120 2121 2117
f 2120 2117 2119
f 2121 2122 2118
f 2121 2118 2117
f 2010 2016 2123
f 2010 2123 2119
f 2016 2015 2124
f 2016 2124 2123
f 2125 2126 2123
f 2125 2123 2124
f 2126 2120 2119
f 2126 2119 2123
f 2022 2021 2127
f 2022 2127 2128
f 2021 2020 2129
f 2021 2129 2127
f 2130 2131 2127
f 2130 2127 2129
f 2131 2132 2128
f 2131 2128 2127
f 2028 2027 2133
f 2028 2133 2134
f 2027 2026 2135
f 2027 2135 2133
f 2136 2137 2133
f 2136 2133 2135
f 2137 2138 2134
f 2137 2134 2133
f 2034 2033 2139
f 2034 2139 2140
f 2033 2032 2141
f 2033 2141 2139
f 2142 2143 2139
f 2142 2139 2141
f 2143 2144 2140
f 2143 2140 2139
f 2032 2038 2145
f 2032 2145 2141
f 2038 2037 2146
f 2038 2146 2145
f 2147 2148 2145
f 2147 2145 2146
f 2148 2142 2141
f 2148 2141 2145
f 2037 2042 2149
f 2037 2149 2146
f 2042 2041 2150
f 2042 2150 2149
f 2151 2152 2149
f 2151 2149 2150
f 2152 2147 2146
f 2152 2146 2149
f 2041 2046 2153
f 2041 2153 2150
f 2046 2045 2154
f 2046 2154 2153
f 2155 2156 2153
f 2155 2153 2154
f 2156 2151 2150
f 2156 2150 2153
f 2052 2051 2157
f 2052 2157 2158
f 2051 2050 2159
f 2051 2159 2157
f 2160 2161 2157
f 2160 2157 2159
f 2161 2162 2158
f 2161 2158 2157
f 2050 2056 2163
f 2050 2163 2159
f 2056 2055 2164
f 2056 2164 2163
f 2165 2166 2163
f 2165 2163 2164
f 2166 2160 2159
f 2166 2159 2163
f 2055 2058 2167
f 2055 2167 2164
f 2058 1933 2060
f 2058 2060 2167
f 2064 2168 2167
f 2064 2167 2060
f 2168 2165 2164
f 2168 2164 2167
f 2064 2063 2169
f 2064 2169 2170
f 2063 2062 2171
f 2063 2171 2169
f 2172 2173 2169
f 2172 2169 2171
f 2173 2174 2170
f 2173 2170 2169
f 2070 2069 2175
f 2070 2175 2176
f 2069 2068 2177
f 2069 2177 2175
f 2178 2179 2175
f 2178 2175 2177
f 2179 2180 2176
f 2179 2176 2175
f 2076 2075 2181
f 2076 2181 2182
f 2075 2074 2183
f 2075 2183 2181
f 2184 2182 2181
f 2184 2181 2183
f 2082 2081 2185
f 2082 2185 2186
f 2081 2080 2187
f 2081 2187 2185
f 2188 2189 2185
f 2188 2185 2187
f 2189 2190 2186
f 2189 2186 2185
f 2080 2086 2191
f 2080 2191 2187
f 2086 2085 2192
f 2086 2192 2191
f 2193 2194 2191
f 2193 2191 2192
f 2194 2188 2187
f 2194 2187 2191
f 2096 2195 2196
f 2096 2196 2197
f 2195 2198 2199
f 2195 2199 2196
f 2200 2197 2196
f 2200 2196 2199
f 2096 2095 2201
f 2096 2201 2195
f 2095 2094 2202
f 2095 2202 2201
f 2203 2204 2201
f 2203 2201 2202
f 2204 2198 2195
f 2204 2195 2201
f 2102 2205 2206
f 2102 2206 2207
f 2205 2208 2209
f 2205 2209 2206
f 2210 2207 2206
f 2210 2206 2209
f 2108 2107 2211
f 2108 2211 2212
f 2107 2106 2213
f 2107 2213 2211
f 2214 2215 2211
f 2214 2211 2213
f 2215 2216 2212
f 2215 2212 2211
f 2106 2112 2217
f 2106 2217 2213
f 2112 2111 2218
f 2112 2218 2217
f 2219 2220 2217
f 2219 2217 2218
f 2220 2214 2213
f 2220 2213 2217
f 2111 2116 2221
f 2111 2221 2218
f 2116 2115 2222
f 2116 2222 2221
f 2223 2224 2221
f 2223 2221 2222
f 2224 2219 2218
f 2224 2218 2221
f 2122 2121 2225
f 2122 2225 2226
f 2121 2120 2227
f 2121 2227 2225
f 2228 2229 2225
f 2228 2225 2227
f 2229 2230 2226
f 2229 2226 2225
f 2120 2126 2231
f 2120 2231 2227
f 2126 2125 2232
f 2126 2232 2231
f 2233 2234 2231
f 2233 2231 2232
f 2234 2228 2227
f 2234 2227 2231
f 2235 2236 2237
f 2235 2237 2238
f 2236 2239 2240
f 2236 2240 2237
f 2241 2242 2237
f 2241 2237 2240
f 2242 2243 2244
f 2242 2244 2237
f 2245 2246 2237
f 2245 2237 2244
f 2246 2247 2238
f 2246 2238 2237
f 2138 2137 2248
f 2138 2248 2249
f 2137 2136 2250
f 2137 2250 2248
f 2251 2252 2248
f 2251 2248 2250
f 2252 2253 2249
f 2252 2249 2248
f 2144 2143 2254
f 2144 2254 2255
f 2143 2142 2256
f 2143 2256 2254
f 2257 2258 2254
f 2257 2254 2256
f 2258 2259 2255
f 2258 2255 2254
f 2142 2148 2260
f 2142 2260 2256
f 2148 2147 2261
f 2148 2261 2260
f 2262 2263 2260
f 2262 2260 2261
f 2263 2257 2256
f 2263 2256 2260
f 2147 2152 2264
f 2147 2264 2261
f 2152 2151 2265
f 2152 2265 2264
f 2266 2267 2264
f 2266 2264 2265
f 2267 2262 2261
f 2267 2261 2264
f 2151 2156 2268
f 2151 2268 2265
f 2156 2155 2269
f 2156 2269 2268
f 2270 2271 2268
f 2270 2268 2269
f 2271 2266 2265
f 2271 2265 2268
f 2162 2161 2272
f 2162 2272 2273
f 2161 2160 2274
f 2161 2274 2272
f 2275 2276 2272
f 2275 2272 2274
f 2276 2277 2273
f 2276 2273 2272
f 2160 2166 2278
f 2160 2278 2274
f 2166 2165 2279
f 2166 2279 2278
f 2280 2281 2278
f 2280 2278 2279
f 2281 2275 2274
f 2281 2274 2278
f 2165 2168 2282
f 2165 2282 2279
f 2168 2064 2170
f 2168 2170 2282
f 2174 2283 2282
f 2174 2282 2170
f 2283 2280 2279
f 2283 2279 2282
f 2174 2173 2284
f 2174 2284 2285
f 2173 2172 2286
f 2173 2286 2284
f 2287 2288 2284
f 2287 2284 2286
f 2288 2289 2285
f 2288 2285 2284
f 2180 2179 2290
f 2180 2290 2291
f 2179 2178 2292
f 2179 2292 2290
f 2293 2294 2290
f 2293 2290 2292
f 2294 2295 2291
f 2294 2291 2290
f 2178 2296 2297
f 2178 2297 2292
f 2296 2298 2299
f 2296 2299 2297
f 2300 2301 2297
f 2300 2297 2299
f 2301 2293 2292
f 2301 2292 2297
f 2190 2189 2302
f 2190 2302 2303
f 2189 2188 2304
f 2189 2304 2302
f 2305 2303 2302
f 2305 2302 2304
f 2188 2194 2306
f 2188 2306 2304
f 2194 2193 2307
f 2194 2307 2306
f 2308 2309 2306
f 2308 2306 2307
f 2309 2305 2304
f 2309 2304 2306
f 2200 2199 2310
f 2200 2310 2311
f 2199 2198 2312
f 2199 2312 2310
f 2313 2314 2310
f 2313 2310 2312
f 2314 2315 2311
f 2314 2311 2310
f 2198 2204 2316
f 2198 2316 2312
f 2204 2203 2317
f 2204 2317 2316
f 2318 2319 2316
f 2318 2316 2317
f 2319 2320 2321
f 2319 2321 2316
f 2313 2312 2316
f 2313 2316 2321
f 2210 2209 2322
f 2210 2322 2323
f 2209 2208 2324
f 2209 2324 2322
f 2325 2323 2322
f 2325 2322 2324
f 2216 2215 2326
f 2216 2326 2327
f 2215 2214 2328
f 2215 2328 2326
f 2329 2330 2326
f 2329 2326 2328
f 2330 2331 2327
f 2330 2327 2326
f 2214 2220 2332
f 2214 2332 2328
f 2220 2219 2333
f 2220 2333 2332
f 2334 2335 2332
f 2334 2332 2333
f 2335 2329 2328
f 2335 2328 2332
f 2219 2224 2336
f 2219 2336 2333
f 2224 2223 2337
f 2224 2337 2336
f 2338 2339 2336
f 2338 2336 2337
f 2339 2334 2333
f 2339 2333 2336
f 2230 2229 2340
f 2230 2340 2341
f 2229 2228 2342
f 2229 2342 2340
f 2343 2344 2340
f 2343 2340 2342
f 2344 2345 2341
f 2344 2341 2340
f 2228 2234 2346
f 2228 2346 2342
f 2234 2233 2347
f 2234 2347 2346
f 2348 2349 2346
f 2348 2346 2347
f 2349 2343 2342
f 2349 2342 2346
f 2233 2350 2351
f 2233 2351 2347
f 2350 2352 2353
f 2350 2353 2351
f 2354 2355 2351
f 2354 2351 2353
f 2355 2348 2347
f 2355 2347 2351
f 2356 2357 2358
f 2356 2358 2359
f 2357 2259 2360
f 2357 2360 2358
f 2361 2362 2358
f 2361 2358 2360
f 2362 2363 2359
f 2362 2359 2358
f 2259 2258 2364
f 2259 2364 2360
f 2258 2257 2365
f 2258 2365 2364
f 2366 2367 2364
f 2366 2364 2365
f 2367 2361 2360
f 2367 2360 2364
f 2257 2263 2368
f 2257 2368 2365
f 2263 2262 2369
f 2263 2369 2368
f 2370 2371 2368
f 2370 2368 2369
f 2371 2366 2365
f 2371 2365 2368
f 2262 2267 2372
f 2262 2372 2369
f 2267 2266 2373
f 2267 2373 2372
f 2374 2375 2372
f 2374 2372 2373
f 2375 2370 2369
f 2375 2369 2372
f 2266 2271 2376
f 2266 2376 2373
f 2271 2270 2377
f 2271 2377 2376
f 2378 2379 2376
f 2378 2376 2377
f 2379 2374 2373
f 2379 2373 2376
f 2277 2276 2380
f 2277 2380 2381
f 2276 2275 2382
f 2276 2382 2380
f 2383 2384 2380
f 2383 2380 2382
f 2384 2385 2381
f 2384 2381 2380
f 2275 2281 2386
f 2275 2386 2382
f 2281 2280 2387
f 2281 2387 2386
f 2388 2389 2386
f 2388 2386 2387
f 2389 2383 2382
f 2389 2382 2386
f 2280 2283 2390
f 2280 2390 2387
f 2283 2174 2285
f 2283 2285 2390
f 2289 2391 2390
f 2289 2390 2285
f 2391 2388 2387
f 2391 2387 2390
f 2289 2288 2392
f 2289 2392 2393
f 2288 2287 2394
f 2288 2394 2392
f 2395 2396 2392
f 2395 2392 2394
f 2396 2397 2393
f 2396 2393 2392
f 2295 2294 2398
f 2295 2398 2399
f 2294 2293 2400
f 2294 2400 2398
f 2401 2402 2398
f 2401 2398 2400
f 2402 2403 2399
f 2402 2399 2398
f 2293 2301 2404
f 2293 2404 2400
f 2301 2300 2405
f 2301 2405 2404
f 2406 2407 2404
f 2406 2404 2405
f 2407 2401 2400
f 2407 2400 2404
f 2408 2409 2410
f 2408 2410 2411
f 2409 2412 2413
f 2409 2413 2410
f 2414 2415 2410
f 2414 2410 2413
f 2415 2416 2411
f 2415 2411 2410
f 2417 2418 2419
f 2417 2419 2420
f 2418 2421 2422
f 2418 2422 2419
f 2423 2424 2419
f 2423 2419 2422
f 2424 2425 2420
f 2424 2420 2419
f 2315 2314 2426
f 2315 2426 2427
f 2314 2313 2428
f 2314 2428 2426
f 2429 2430 2426
f 2429 2426 2428
f 2430 2431 2432
f 2430 2432 2426
f 2421 2418 2426
f 2421 2426 2432
f 2418 2417 2427
f 2418 2427 2426
f 2313 2321 2433
f 2313 2433 2428
f 2321 2320 2434
f 2321 2434 2433
f 2429 2428 2433
f 2429 2433 2434
f 2435 2436 2437
f 2435 2437 2438
f 2436 2439 2440
f 2436 2440 2437
f 2441 2442 2437
f 2441 2437 2440
f 2442 2443 2438
f 2442 2438 2437
f 2331 2330 2444
f 2331 2444 2445
f 2330 2329 2446
f 2330 2446 2444
f 2447 2448 2444
f 2447 2444 2446
f 2448 2449 2445
f 2448 2445 2444
f 2329 2335 2450
f 2329 2450 2446
f 2335 2334 2451
f 2335 2451 2450
f 2452 2453 2450
f 2452 2450 2451
f 2453 2447 2446
f 2453 2446 2450
f 2334 2339 2454
f 2334 2454 2451
f 2339 2338 2455
f 2339 2455 2454
f 2456 2457 2454
f 2456 2454 2455
f 2457 2452 2451
f 2457 2451 2454
f 2345 2344 2458
f 2345 2458 2459
f 2344 2343 2460
f 2344 2460 2458
f 2461 2462 2458
f 2461 2458 2460
f 2462 2463 2459
f 2462 2459 2458
f 2343 2349 2464
f 2343 2464 2460
f 2349 2348 2465
f 2349 2465 2464
f 2466 2467 2464
f 2466 2464 2465
f 2467 2461 2460
f 2467 2460 2464
f 2348 2355 2468
f 2348 2468 2465
f 2355 2354 2469
f 2355 2469 2468
f 2363 2470 2468
f 2363 2468 2469
f 2470 2471 2472
f 2470 2472 2468
f 2466 2465 2468
f 2466 2468 2472
f 2363 2362 2473
f 2363 2473 2470
f 2362 2361 2474
f 2362 2474 2473
f 2475 2476 2473
f 2475 2473 2474
f 2476 2471 2470
f 2476 2470 2473
f 2361 2367 2477
f 2361 2477 2474
f 2367 2366 2478
f 2367 2478 2477
f 2479 2480 2477
f 2479 2477 2478
f 2480 2475 2474
f 2480 2474 2477
f 2366 2371 2481
f 2366 2481 2478
f 2371 2370 2482
f 2371 2482 2481
f 2483 2484 2481
f 2483 2481 2482
f 2484 2479 2478
f 2484 2478 2481
f 2370 2375 2485
f 2370 2485 2482
f 2375 2374 2486
f 2375 2486 2485
f 2487 2488 2485
f 2487 2485 2486
f 2488 2483 2482
f 2488 2482 2485
f 2374 2379 2489
f 2374 2489 2486
f 2379 2378 2490
f 2379 2490 2489
f 2491 2492 2489
f 2491 2489 2490
f 2492 2487 2486
f 2492 2486 2489
f 2385 2384 2493
f 2385 2493 2494
f 2384 2383 2495
f 2384 2495 2493
f 2496 2497 2493
f 2496 2493 2495
f 2497 2498 2494
f 2497 2494 2493
f 2383 2389 2499
f 2383 2499 2495
f 2389 2388 2500
f 2389 2500 2499
f 2501 2502 2499
f 2501 2499 2500
f 2502 2496 2495
f 2502 2495 2499
f 2388 2391 2503
f 2388 2503 2500
f 2391 2289 2393
f 2391 2393 2503
f 2397 2504 2503
f 2397 2503 2393
f 2504 2501 2500
f 2504 2500 2503
f 2397 2396 2505
f 2397 2505 2506
f 2396 2395 2507
f 2396 2507 2505
f 5 2 2505
f 5 2505 2507
f 2 1 2506
f 2 2506 2505
f 2403 2402 2508
f 2403 2508 2509
f 2402 2401 2510
f 2402 2510 2508
f 14 11 2508
f 14 2508 2510
f 11 10 2509
f 11 2509 2508
f 2401 2407 2511
f 2401 2511 2510
f 2407 2406 2512
f 2407 2512 2511
f 21 19 2511
f 21 2511 2512
f 19 14 2510
f 19 2510 2511
f 2416 2415 2513
f 2416 2513 2514
f 2415 2414 2515
f 2415 2515 2513
f 31 2514 2513
f 31 2513 2515
f 2423 2422 2516
f 2423 2516 2517
f 2422 2421 2518
f 2422 2518 2516
f 2519 2517 2516
f 2519 2516 2518
f 2421 2432 2520
f 2421 2520 2518
f 2432 2431 2521
f 2432 2521 2520
f 2522 2523 2520
f 2522 2520 2521
f 2523 2519 2518
f 2523 2518 2520
f 2524 2525 2526
f 2524 2526 2527
f 2525 2443 2528
f 2525 2528 2526
f 51 49 2526
f 51 2526 2528
f 49 44 2527
f 49 2527 2526
f 2443 2442 2529
f 2443 2529 2528
f 2442 2441 2530
f 2442 2530 2529
f 57 55 2529
f 57 2529 2530
f 55 51 2528
f 55 2528 2529
f 2449 2448 2531
f 2449 2531 2532
f 2448 2447 2533
f 2448 2533 2531
f 65 62 2531
f 65 2531 2533
f 62 61 2532
f 62 2532 2531
f 2447 2453 2534
f 2447 2534 2533
f 2453 2452 2535
f 2453 2535 2534
f 72 70 2534
f 72 2534 2535
f 70 65 2533
f 70 2533 2534
f 2452 2457 2536
f 2452 2536 2535
f 2457 2456 2537
f 2457 2537 2536
f 78 76 2536
f 78 2536 2537
f 76 72 2535
f 76 2535 2536
f 2463 2462 2538
f 2463 2538 2539
f 2462 2461 2540
f 2462 2540 2538
f 86 83 2538
f 86 2538 2540
f 83 82 2539
f 83 2539 2538
f 2461 2467 2541
f 2461 2541 2540
f 2467 2466 2542
f 2467 2542 2541
f 93 91 2541
f 93 2541 2542
f 91 86 2540
f 91 2540 2541
f 2466 2472 2543
f 2466 2543 2542
f 2472 2471 2544
f 2472 2544 2543
f 99 97 2543
f 99 2543 2544
f 97 93 2542
f 97 2542 2543
f 2471 2476 2545
f 2471 2545 2544
f 2476 2475 2546
f 2476 2546 2545
f 105 103 2545
f 105 2545 2546
f 103 99 2544
f 103 2544 2545
f 2475 2480 2547
f 2475 2547 2546
f 2480 2479 2548
f 2480 2548 2547
f 111 109 2547
f 111 2547 2548
f 109 105 2546
f 109 2546 2547
f 2479 2484 2549
f 2479 2549 2548
f 2484 2483 2550
f 2484 2550 2549
f 117 115 2549
f 117 2549 2550
f 115 111 2548
f 115 2548 2549
f 2483 2488 2551
f 2483 2551 2550
f 2488 2487 2552
f 2488 2552 2551
f 123 121 2551
f 123 2551 2552
f 121 117 2550
f 121 2550 2551
f 2487 2492 2553
f 2487 2553 2552
f 2492 2491 2554
f 2492 2554 2553
f 129 127 2553
f 129 2553 2554
f 127 123 2552
f 127 2552 2553
f 2498 2497 2555
f 2498 2555 2556
f 2497 2496 2557
f 2497 2557 2555
f 137 134 2555
f 137 2555 2557
f 134 133 2556
f 134 2556 2555
f 2496 2502 2558
f 2496 2558 2557
f 2502 2501 2559
f 2502 2559 2558
f 144 142 2558
f 144 2558 2559
f 142 137 2557
f 142 2557 2558
f 2501 2504 2560
f 2501 2560 2559
f 2504 2397 2506
f 2504 2506 2560
f 1 148 2560
f 1 2560 2506
f 148 144 2559
f 148 2559 2560
f 5 2561 2562
f 5 2562 6
f 2561 2563 2564
f 2561 2564 2562
f 2565 2566 2562
f 2565 2562 2564
f 2566 7 6
f 2566 6 2562
f 129 2567 2568
f 129 2568 130
f 2567 133 136
f 2567 136 2568
f 141 2569 2568
f 141 2568 136
f 2569 131 130
f 2569 130 2568
f 7 2566 2570
f 7 2570 153
f 2566 2565 2571
f 2566 2571 2570
f 2572 2573 2570
f 2572 2570 2571
f 2573 154 153
f 2573 153 2570
f 131 2569 2574
f 131 2574 239
f 2569 141 243
f 2569 243 2574
f 247 2575 2574
f 247 2574 243
f 2575 240 239
f 2575 239 2574
f 154 2573 2576
f 154 2576 256
f 2573 2572 2577
f 2573 2577 2576
f 2578 2579 2576
f 2578 2576 2577
f 2579 257 256
f 2579 256 2576
f 240 2575 2580
f 240 2580 349
f 2575 247 353
f 2575 353 2580
f 357 2581 2580
f 357 2580 353
f 2581 350 349
f 2581 349 2580
f 257 2579 2582
f 257 2582 366
f 2579 2578 2583
f 2579 2583 2582
f 2584 2585 2582
f 2584 2582 2583
f 2585 367 366
f 2585 366 2582
f 350 2581 2586
f 350 2586 458
f 2581 357 462
f 2581 462 2586
f 466 2587 2586
f 466 2586 462
f 2587 459 458
f 2587 458 2586
f 367 2585 2588
f 367 2588 475
f 2585 2584 2589
f 2585 2589 2588
f 2590 2591 2588
f 2590 2588 2589
f 2591 476 475
f 2591 475 2588
f 459 2587 2592
f 459 2592 573
f 2587 466 577
f 2587 577 2592
f 581 2593 2592
f 581 2592 577
f 2593 574 573
f 2593 573 2592
f 476 2591 2594
f 476 2594 590
f 2591 2590 2595
f 2591 2595 2594
f 700 2596 2594
f 700 2594 2595
f 2596 591 590
f 2596 590 2594
f 574 2593 2597
f 574 2597 679
f 2593 581 683
f 2593 683 2597
f 687 2598 2597
f 687 2597 683
f 2598 680 679
f 2598 679 2597
f 591 2596 2599
f 591 2599 696
f 2596 700 703
f 2596 703 2599
f 708 2600 2599
f 708 2599 703
f 2600 697 696
f 2600 696 2599
f 680 2598 2601
f 680 2601 794
f 2598 687 798
f 2598 798 2601
f 802 2602 2601
f 802 2601 798
f 2602 795 794
f 2602 794 2601
f 697 2600 2603
f 697 2603 811
f 2600 708 816
f 2600 816 2603
f 820 2604 2603
f 820 2603 816
f 2604 812 811
f 2604 811 2603
f 795 2602 2605
f 795 2605 894
f 2602 802 898
f 2602 898 2605
f 902 2606 2605
f 902 2605 898
f 2606 895 894
f 2606 894 2605
f 812 2604 2607
f 812 2607 911
f 2604 820 916
f 2604 916 2607
f 920 2608 2607
f 920 2607 916
f 2608 912 911
f 2608 911 2607
f 895 2606 2609
f 895 2609 994
f 2606 902 998
f 2606 998 2609
f 1002 2610 2609
f 1002 2609 998
f 2610 995 994
f 2610 994 2609
f 912 2608 2611
f 912 2611 1011
f 2608 920 1016
f 2608 1016 2611
f 1020 2612 2611
f 1020 2611 1016
f 2612 1012 1011
f 2612 1011 2611
f 995 2610 2613
f 995 2613 1094
f 2610 1002 1098
f 2610 1098 2613
f 1102 2614 2613
f 1102 2613 1098
f 2614 1095 1094
f 2614 1094 2613
f 1012 2612 2615
f 1012 2615 1111
f 2612 1020 1116
f 2612 1116 2615
f 1120 2616 2615
f 1120 2615 1116
f 2616 1112 1111
f 2616 1111 2615
f 1095 2614 2617
f 1095 2617 1194
f 2614 1102 1198
f 2614 1198 2617
f 1202 2618 2617
f 1202 2617 1198
f 2618 1195 1194
f 2618 1194 2617
f 1112 2616 2619
f 1112 2619 1211
f 2616 1120 1216
f 2616 1216 2619
f 1220 2620 2619
f 1220 2619 1216
f 2620 1212 1211
f 2620 1211 2619
f 1195 2618 2621
f 1195 2621 1302
f 2618 1202 1306
f 2618 1306 2621
f 1310 2622 2621
f 1310 2621 1306
f 2622 1303 1302
f 2622 1302 2621
f 1212 2620 2623
f 1212 2623 1319
f 2620 1220 1324
f 2620 1324 2623
f 1328 2624 2623
f 1328 2623 1324
f 2624 1320 1319
f 2624 1319 2623
f 1303 2622 2625
f 1303 2625 1408
f 2622 1310 1412
f 2622 1412 2625
f 1416 2626 2625
f 1416 2625 1412
f 2626 1409 1408
f 2626 1408 2625
f 1320 2624 2627
f 1320 2627 1425
f 2624 1328 1430
f 2624 1430 2627
f 1434 2628 2627
f 1434 2627 1430
f 2628 1426 1425
f 2628 1425 2627
f 1409 2626 2629
f 1409 2629 1508
f 2626 1416 1512
f 2626 1512 2629
f 1516 2630 2629
f 1516 2629 1512
f 2630 1509 1508
f 2630 1508 2629
f 1426 2628 2631
f 1426 2631 1525
f 2628 1434 1530
f 2628 1530 2631
f 1534 2632 2631
f 1534 2631 1530
f 2632 1526 1525
f 2632 1525 2631
f 1509 2630 2633
f 1509 2633 1608
f 2630 1516 1612
f 2630 1612 2633
f 1616 2634 2633
f 1616 2633 1612
f 2634 1609 1608
f 2634 1608 2633
f 1526 2632 2635
f 1526 2635 1625
f 2632 1534 1630
f 2632 1630 2635
f 1634 2636 2635
f 1634 2635 1630
f 2636 1626 1625
f 2636 1625 2635
f 1609 2634 2637
f 1609 2637 1708
f 2634 1616 1712
f 2634 1712 2637
f 1716 2638 2637
f 1716 2637 1712
f 2638 1709 1708
f 2638 1708 2637
f 1626 2636 2639
f 1626 2639 1725
f 2636 1634 1730
f 2636 1730 2639
f 1734 2640 2639
f 1734 2639 1730
f 2640 1726 1725
f 2640 1725 2639
f 1709 2638 2641
f 1709 2641 1811
f 2638 1716 1815
f 2638 1815 2641
f 1819 2642 2641
f 1819 2641 1815
f 2642 1812 1811
f 2642 1811 2641
f 1726 2640 2643
f 1726 2643 1828
f 2640 1734 1833
f 2640 1833 2643
f 1837 2644 2643
f 1837 2643 1833
f 2644 1829 1828
f 2644 1828 2643
f 1812 2642 2645
f 1812 2645 1913
f 2642 1819 1917
f 2642 1917 2645
f 1921 2646 2645
f 1921 2645 1917
f 2646 1914 1913
f 2646 1913 2645
f 1829 2644 2647
f 1829 2647 1930
f 2644 1837 2648
f 2644 2648 2647
f 2649 2650 2647
f 2649 2647 2648
f 2650 1931 1930
f 2650 1930 2647
f 1914 2646 2651
f 1914 2651 2044
f 2646 1921 2048
f 2646 2048 2651
f 2052 2652 2651
f 2052 2651 2048
f 2652 2045 2044
f 2652 2044 2651
f 1931 2650 2653
f 1931 2653 2061
f 2650 2649 2654
f 2650 2654 2653
f 2655 2656 2653
f 2655 2653 2654
f 2656 2062 2061
f 2656 2061 2653
f 2045 2652 2657
f 2045 2657 2154
f 2652 2052 2158
f 2652 2158 2657
f 2162 2658 2657
f 2162 2657 2158
f 2658 2155 2154
f 2658 2154 2657
f 2062 2656 2659
f 2062 2659 2171
f 2656 2655 2660
f 2656 2660 2659
f 2661 2662 2659
f 2661 2659 2660
f 2662 2172 2171
f 2662 2171 2659
f 2155 2658 2663
f 2155 2663 2269
f 2658 2162 2273
f 2658 2273 2663
f 2277 2664 2663
f 2277 2663 2273
f 2664 2270 2269
f 2664 2269 2663
f 2172 2662 2665
f 2172 2665 2286
f 2662 2661 2666
f 2662 2666 2665
f 2667 2668 2665
f 2667 2665 2666
f 2668 2287 2286
f 2668 2286 2665
f 2270 2664 2669
f 2270 2669 2377
f 2664 2277 2381
f 2664 2381 2669
f 2385 2670 2669
f 2385 2669 2381
f 2670 2378 2377
f 2670 2377 2669
f 2287 2668 2671
f 2287 2671 2394
f 2668 2667 2672
f 2668 2672 2671
f 2673 2674 2671
f 2673 2671 2672
f 2674 2395 2394
f 2674 2394 2671
f 2378 2670 2675
f 2378 2675 2490
f 2670 2385 2494
f 2670 2494 2675
f 2498 2676 2675
f 2498 2675 2494
f 2676 2491 2490
f 2676 2490 2675
f 2395 2674 2677
f 2395 2677 2507
f 2674 2673 2678
f 2674 2678 2677
f 2563 2561 2677
f 2563 2677 2678
f 2561 5 2507
f 2561 2507 2677
f 2491 2676 2679
f 2491 2679 2554
f 2676 2498 2556
f 2676 2556 2679
f 133 2567 2679
f 133 2679 2556
f 2567 129 2554
f 2567 2554 2679
f 2680 2681 2682
f 2680 2682 2683
f 2681 2684 2685
f 2681 2685 2682
f 2686 2687 2682
f 2686 2682 2685
f 2687 2688 2683
f 2687 2683 2682
f 2684 2689 2690
f 2684 2690 2685
f 2689 2691 2692
f 2689 2692 2690
f 2693 2694 2690
f 2693 2690 2692
f 2694 2686 2685
f 2694 2685 2690
f 2691 2695 2696
f 2691 2696 2692
f 2695 2697 2698
f 2695 2698 2696
f 2699 2700 2696
f 2699 2696 2698
f 2700 2693 2692
f 2700 2692 2696
f 2697 2701 2702
f 2697 2702 2698
f 2701 2703 2704
f 2701 2704 2702
f 2705 2706 2702
f 2705 2702 2704
f 2706 2699 2698
f 2706 2698 2702
f 2703 2707 2708
f 2703 2708 2704
f 2707 2709 2710
f 2707 2710 2708
f 2711 2712 2708
f 2711 2708 2710
f 2712 2705 2704
f 2712 2704 2708
f 2709 2713 2714
f 2709 2714 2710
f 2713 2715 2716
f 2713 2716 2714
f 2717 2718 2714
f 2717 2714 2716
f 2718 2711 2710
f 2718 2710 2714
f 2715 2719 2720
f 2715 2720 2716
f 2719 1860 2721
f 2719 2721 2720
f 2722 2723 2720
f 2722 2720 2721
f 2723 2717 2716
f 2723 2716 2720
f 1860 1859 2724
f 1860 2724 2721
f 1859 1757 2725
f 1859 2725 2724
f 2726 2727 2724
f 2726 2724 2725
f 2727 2722 2721
f 2727 2721 2724
f 2728 2729 2730
f 2728 2730 2731
f 2729 2732 2733
f 2729 2733 2730
f 2734 2735 2730
f 2734 2730 2733
f 2735 2736 2731
f 2735 2731 2730
f 1657 1656 2737
f 1657 2737 2738
f 1656 1557 2739
f 1656 2739 2737
f 2740 2741 2737
f 2740 2737 2739
f 2741 2742 2738
f 2741 2738 2737
f 1557 1556 2743
f 1557 2743 2739
f 1556 1457 2744
f 1556 2744 2743
f 2745 2746 2743
f 2745 2743 2744
f 2746 2740 2739
f 2746 2739 2743
f 1457 1456 2747
f 1457 2747 2744
f 1456 1353 2748
f 1456 2748 2747
f 2749 2750 2747
f 2749 2747 2748
f 2750 2745 2744
f 2750 2744 2747
f 1353 1352 2751
f 1353 2751 2748
f 1352 1351 2752
f 1352 2752 2751
f 2753 2754 2751
f 2753 2751 2752
f 2754 2749 2748
f 2754 2748 2751
f 1245 1244 2755
f 1245 2755 2756
f 1244 1243 2757
f 1244 2757 2755
f 2758 2759 2755
f 2758 2755 2757
f 2759 2760 2756
f 2759 2756 2755
f 1143 1142 2761
f 1143 2761 2762
f 1142 1043 2763
f 1142 2763 2761
f 2764 2765 2761
f 2764 2761 2763
f 2765 2766 2762
f 2765 2762 2761
f 1043 1042 2767
f 1043 2767 2763
f 1042 943 2768
f 1042 2768 2767
f 2769 2770 2767
f 2769 2767 2768
f 2770 2764 2763
f 2770 2763 2767
f 943 942 2771
f 943 2771 2768
f 942 843 2772
f 942 2772 2771
f 2773 2774 2771
f 2773 2771 2772
f 2774 2769 2768
f 2774 2768 2771
f 2775 2776 2777
f 2775 2777 2778
f 2776 2779 2780
f 2776 2780 2777
f 2781 2782 2777
f 2781 2777 2780
f 2782 2783 2778
f 2782 2778 2777
f 743 742 2784
f 743 2784 2785
f 742 741 2786
f 742 2786 2784
f 2787 2788 2784
f 2787 2784 2786
f 2788 2789 2785
f 2788 2785 2784
f 741 2790 2791
f 741 2791 2786
f 2790 2792 2793
f 2790 2793 2791
f 2794 2795 2791
f 2794 2791 2793
f 2795 2787 2786
f 2795 2786 2791
f 2792 2796 2797
f 2792 2797 2793
f 2796 2798 2799
f 2796 2799 2797
f 2800 2801 2797
f 2800 2797 2799
f 2801 2794 2793
f 2801 2793 2797
f 2798 2802 2803
f 2798 2803 2799
f 2802 2804 2805
f 2802 2805 2803
f 2806 2807 2803
f 2806 2803 2805
f 2807 2800 2799
f 2807 2799 2803
f 2804 2808 2809
f 2804 2809 2805
f 2808 2810 2811
f 2808 2811 2809
f 2812 2813 2809
f 2812 2809 2811
f 2813 2806 2805
f 2813 2805 2809
f 2810 2814 2815
f 2810 2815 2811
f 2814 2680 2683
f 2814 2683 2815
f 2688 2816 2815
f 2688 2815 2683
f 2816 2812 2811
f 2816 2811 2815
f 82 85 2817
f 82 2817 2818
f 85 90 2819
f 85 2819 2817
f 2820 2821 2817
f 2820 2817 2819
f 2821 2822 2818
f 2821 2818 2817
f 90 207 2823
f 90 2823 2819
f 207 211 2824
f 207 2824 2823
f 2825 2826 2823
f 2825 2823 2824
f 2826 2820 2819
f 2826 2819 2823
f 211 317 2827
f 211 2827 2824
f 317 321 2828
f 317 2828 2827
f 2829 2830 2827
f 2829 2827 2828
f 2830 2825 2824
f 2830 2824 2827
f 321 417 2831
f 321 2831 2828
f 417 421 2832
f 417 2832 2831
f 2833 2834 2831
f 2833 2831 2832
f 2834 2829 2828
f 2834 2828 2831
f 421 539 2835
f 421 2835 2832
f 539 543 2836
f 539 2836 2835
f 2837 2838 2835
f 2837 2835 2836
f 2838 2833 2832
f 2838 2832 2835
f 543 645 2839
f 543 2839 2836
f 645 649 2840
f 645 2840 2839
f 2841 2842 2839
f 2841 2839 2840
f 2842 2837 2836
f 2842 2836 2839
f 649 760 2843
f 649 2843 2840
f 760 764 2844
f 760 2844 2843
f 2845 2846 2843
f 2845 2843 2844
f 2846 2841 2840
f 2846 2840 2843
f 764 860 2847
f 764 2847 2844
f 860 864 2848
f 860 2848 2847
f 2849 2850 2847
f 2849 2847 2848
f 2850 2845 2844
f 2850 2844 2847
f 864 960 2851
f 864 2851 2848
f 960 964 2852
f 960 2852 2851
f 2853 2854 2851
f 2853 2851 2852
f 2854 2849 2848
f 2854 2848 2851
f 964 1060 2855
f 964 2855 2852
f 1060 1064 2856
f 1060 2856 2855
f 2857 2858 2855
f 2857 2855 2856
f 2858 2853 2852
f 2858 2852 2855
f 1064 1160 2859
f 1064 2859 2856
f 1160 1164 2860
f 1160 2860 2859
f 2861 2862 2859
f 2861 2859 2860
f 2862 2857 2856
f 2862 2856 2859
f 1164 1268 2863
f 1164 2863 2860
f 1268 1272 2864
f 1268 2864 2863
f 2865 2866 2863
f 2865 2863 2864
f 2866 2861 2860
f 2866 2860 2863
f 1272 1374 2867
f 1272 2867 2864
f 1374 1378 2868
f 1374 2868 2867
f 2869 2870 2867
f 2869 2867 2868
f 2870 2865 2864
f 2870 2864 2867
f 1378 1474 2871
f 1378 2871 2868
f 1474 1478 2872
f 1474 2872 2871
f 2873 2874 2871
f 2873 2871 2872
f 2874 2869 2868
f 2874 2868 2871
f 1478 1574 2875
f 1478 2875 2872
f 1574 1578 2876
f 1574 2876 2875
f 2877 2878 2875
f 2877 2875 2876
f 2878 2873 2872
f 2878 2872 2875
f 1578 1674 2879
f 1578 2879 2876
f 1674 1678 2880
f 1674 2880 2879
f 2881 2882 2879
f 2881 2879 2880
f 2882 2877 2876
f 2882 2876 2879
f 1678 1774 2883
f 1678 2883 2880
f 1774 1778 2884
f 1774 2884 2883
f 2885 2886 2883
f 2885 2883 2884
f 2886 2881 2880
f 2886 2880 2883
f 1778 1877 2887
f 1778 2887 2884
f 1877 1881 2888
f 1877 2888 2887
f 2889 2890 2887
f 2889 2887 2888
f 2890 2885 2884
f 2890 2884 2887
f 1881 2008 2891
f 1881 2891 2888
f 2008 2012 2892
f 2008 2892 2891
f 2893 2894 2891
f 2893 2891 2892
f 2894 2889 2888
f 2894 2888 2891
f 2012 2118 2895
f 2012 2895 2892
f 2118 2122 2896
f 2118 2896 2895
f 2897 2898 2895
f 2897 2895 2896
f 2898 2893 2892
f 2898 2892 2895
f 2122 2226 2899
f 2122 2899 2896
f 2226 2230 2900
f 2226 2900 2899
f 2901 2902 2899
f 2901 2899 2900
f 2902 2897 2896
f 2902 2896 2899
f 2230 2341 2903
f 2230 2903 2900
f 2341 2345 2904
f 2341 2904 2903
f 2905 2906 2903
f 2905 2903 2904
f 2906 2901 2900
f 2906 2900 2903
f 2345 2459 2907
f 2345 2907 2904
f 2459 2463 2908
f 2459 2908 2907
f 2909 2910 2907
f 2909 2907 2908
f 2910 2905 2904
f 2910 2904 2907
f 2463 2539 2911
f 2463 2911 2908
f 2539 82 2818
f 2539 2818 2911
f 2822 2912 2911
f 2822 2911 2818
f 2912 2909 2908
f 2912 2908 2911
f 2688 2687 2913
f 2688 2913 2914
f 2687 2686 2915
f 2687 2915 2913
f 61 64 2913
f 61 2913 2915
f 64 69 2914
f 64 2914 2913
f 2686 2694 2916
f 2686 2916 2915
f 2694 2693 2917
f 2694 2917 2916
f 2449 2532 2916
f 2449 2916 2917
f 2532 61 2915
f 2532 2915 2916
f 2693 2700 2918
f 2693 2918 2917
f 2700 2699 2919
f 2700 2919 2918
f 2331 2445 2918
f 2331 2918 2919
f 2445 2449 2917
f 2445 2917 2918
f 2699 2706 2920
f 2699 2920 2919
f 2706 2705 2921
f 2706 2921 2920
f 2216 2327 2920
f 2216 2920 2921
f 2327 2331 2919
f 2327 2919 2920
f 2705 2712 2922
f 2705 2922 2921
f 2712 2711 2923
f 2712 2923 2922
f 2108 2212 2922
f 2108 2922 2923
f 2212 2216 2921
f 2212 2921 2922
f 2711 2718 2924
f 2711 2924 2923
f 2718 2717 2925
f 2718 2925 2924
f 1998 2104 2924
f 1998 2924 2925
f 2104 2108 2923
f 2104 2923 2924
f 2717 2723 2926
f 2717 2926 2925
f 2723 2722 2927
f 2723 2927 2926
f 1867 1994 2926
f 1867 2926 2927
f 1994 1998 2925
f 1994 2925 2926
f 2722 2727 2928
f 2722 2928 2927
f 2727 2726 2929
f 2727 2929 2928
f 1764 1863 2928
f 1764 2928 2929
f 1863 1867 2927
f 1863 2927 2928
f 2736 2735 2930
f 2736 2930 2931
f 2735 2734 2932
f 2735 2932 2930
f 2933 2934 2930
f 2933 2930 2932
f 2934 2935 2931
f 2934 2931 2930
f 2742 2741 2936
f 2742 2936 2937
f 2741 2740 2938
f 2741 2938 2936
f 1564 1660 2936
f 1564 2936 2938
f 1660 1664 2937
f 1660 2937 2936
f 2740 2746 2939
f 2740 2939 2938
f 2746 2745 2940
f 2746 2940 2939
f 1464 1560 2939
f 1464 2939 2940
f 1560 1564 2938
f 1560 2938 2939
f 2745 2750 2941
f 2745 2941 2940
f 2750 2749 2942
f 2750 2942 2941
f 1361 1460 2941
f 1361 2941 2942
f 1460 1464 2940
f 1460 2940 2941
f 2749 2754 2943
f 2749 2943 2942
f 2754 2753 2944
f 2754 2944 2943
f 1363 1362 2943
f 1363 2943 2944
f 1362 1361 2942
f 1362 2942 2943
f 2760 2759 2945
f 2760 2945 2946
f 2759 2758 2947
f 2759 2947 2945
f 1255 1254 2945
f 1255 2945 2947
f 1254 1253 2946
f 1254 2946 2945
f 2766 2765 2948
f 2766 2948 2949
f 2765 2764 2950
f 2765 2950 2948
f 1050 1146 2948
f 1050 2948 2950
f 1146 1150 2949
f 1146 2949 2948
f 2764 2770 2951
f 2764 2951 2950
f 2770 2769 2952
f 2770 2952 2951
f 950 1046 2951
f 950 2951 2952
f 1046 1050 2950
f 1046 2950 2951
f 2769 2774 2953
f 2769 2953 2952
f 2774 2773 2954
f 2774 2954 2953
f 850 946 2953
f 850 2953 2954
f 946 950 2952
f 946 2952 2953
f 2783 2782 2955
f 2783 2955 2956
f 2782 2781 2957
f 2782 2957 2955
f 2958 2959 2955
f 2958 2955 2957
f 2959 2960 2956
f 2959 2956 2955
f 2789 2788 2961
f 2789 2961 2962
f 2788 2787 2963
f 2788 2963 2961
f 635 746 2961
f 635 2961 2963
f 746 750 2962
f 746 2962 2961
f 2787 2795 2964
f 2787 2964 2963
f 2795 2794 2965
f 2795 2965 2964
f 529 631 2964
f 529 2964 2965
f 631 635 2963
f 631 2963 2964
f 2794 2801 2966
f 2794 2966 2965
f 2801 2800 2967
f 2801 2967 2966
f 407 525 2966
f 407 2966 2967
f 525 529 2965
f 525 2965 2966
f 2800 2807 2968
f 2800 2968 2967
f 2807 2806 2969
f 2807 2969 2968
f 307 403 2968
f 307 2968 2969
f 403 407 2967
f 403 2967 2968
f 2806 2813 2970
f 2806 2970 2969
f 2813 2812 2971
f 2813 2971 2970
f 197 303 2970
f 197 2970 2971
f 303 307 2969
f 303 2969 2970
f 2812 2816 2972
f 2812 2972 2971
f 2816 2688 2914
f 2816 2914 2972
f 69 193 2972
f 69 2972 2914
f 193 197 2971
f 193 2971 2972
f 2822 2821 2973
f 2822 2973 2974
f 2821 2820 2975
f 2821 2975 2973
f 80 79 2973
f 80 2973 2975
f 79 78 2974
f 79 2974 2973
f 2820 2826 2976
f 2820 2976 2975
f 2826 2825 2977
f 2826 2977 2976
f 204 203 2976
f 204 2976 2977
f 203 80 2975
f 203 2975 2976
f 2825 2830 2978
f 2825 2978 2977
f 2830 2829 2979
f 2830 2979 2978
f 314 313 2978
f 314 2978 2979
f 313 204 2977
f 313 2977 2978
f 2829 2834 2980
f 2829 2980 2979
f 2834 2833 2981
f 2834 2981 2980
f 414 413 2980
f 414 2980 2981
f 413 314 2979
f 413 2979 2980
f 2833 2838 2982
f 2833 2982 2981
f 2838 2837 2983
f 2838 2983 2982
f 536 535 2982
f 536 2982 2983
f 535 414 2981
f 535 2981 2982
f 2837 2842 2984
f 2837 2984 2983
f 2842 2841 2985
f 2842 2985 2984
f 642 641 2984
f 642 2984 2985
f 641 536 2983
f 641 2983 2984
f 2841 2846 2986
f 2841 2986 2985
f 2846 2845 2987
f 2846 2987 2986
f 757 756 2986
f 757 2986 2987
f 756 642 2985
f 756 2985 2986
f 2845 2850 2988
f 2845 2988 2987
f 2850 2849 2989
f 2850 2989 2988
f 857 856 2988
f 857 2988 2989
f 856 757 2987
f 856 2987 2988
f 2849 2854 2990
f 2849 2990 2989
f 2854 2853 2991
f 2854 2991 2990
f 957 956 2990
f 957 2990 2991
f 956 857 2989
f 956 2989 2990
f 2853 2858 2992
f 2853 2992 2991
f 2858 2857 2993
f 2858 2993 2992
f 1057 1056 2992
f 1057 2992 2993
f 1056 957 2991
f 1056 2991 2992
f 2857 2862 2994
f 2857 2994 2993
f 2862 2861 2995
f 2862 2995 2994
f 1157 1156 2994
f 1157 2994 2995
f 1156 1057 2993
f 1156 2993 2994
f 2861 2866 2996
f 2861 2996 2995
f 2866 2865 2997
f 2866 2997 2996
f 1265 1264 2996
f 1265 2996 2997
f 1264 1157 2995
f 1264 2995 2996
f 2865 2870 2998
f 2865 2998 2997
f 2870 2869 2999
f 2870 2999 2998
f 1371 1370 2998
f 1371 2998 2999
f 1370 1265 2997
f 1370 2997 2998
f 2869 2874 3000
f 2869 3000 2999
f 2874 2873 3001
f 2874 3001 3000
f 1471 1470 3000
f 1471 3000 3001
f 1470 1371 2999
f 1470 2999 3000
f 2873 2878 3002
f 2873 3002 3001
f 2878 2877 3003
f 2878 3003 3002
f 1571 1570 3002
f 1571 3002 3003
f 1570 1471 3001
f 1570 3001 3002
f 2877 2882 3004
f 2877 3004 3003
f 2882 2881 3005
f 2882 3005 3004
f 1671 1670 3004
f 1671 3004 3005
f 1670 1571 3003
f 1670 3003 3004
f 2881 2886 3006
f 2881 3006 3005
f 2886 2885 3007
f 2886 3007 3006
f 1771 1770 3006
f 1771 3006 3007
f 1770 1671 3005
f 1770 3005 3006
f 2885 2890 3008
f 2885 3008 3007
f 2890 2889 3009
f 2890 3009 3008
f 1874 1873 3008
f 1874 3008 3009
f 1873 1771 3007
f 1873 3007 3008
f 2889 2894 3010
f 2889 3010 3009
f 2894 2893 3011
f 2894 3011 3010
f 2005 2004 3010
f 2005 3010 3011
f 2004 1874 3009
f 2004 3009 3010
f 2893 2898 3012
f 2893 3012 3011
f 2898 2897 3013
f 2898 3013 3012
f 2115 2114 3012
f 2115 3012 3013
f 2114 2005 3011
f 2114 3011 3012
f 2897 2902 3014
f 2897 3014 3013
f 2902 2901 3015
f 2902 3015 3014
f 2223 2222 3014
f 2223 3014 3015
f 2222 2115 3013
f 2222 3013 3014
f 2901 2906 3016
f 2901 3016 3015
f 2906 2905 3017
f 2906 3017 3016
f 2338 2337 3016
f 2338 3016 3017
f 2337 2223 3015
f 2337 3015 3016
f 2905 2910 3018
f 2905 3018 3017
f 2910 2909 3019
f 2910 3019 3018
f 2456 2455 3018
f 2456 3018 3019
f 2455 2338 3017
f 2455 3017 3018
f 2909 2912 3020
f 2909 3020 3019
f 2912 2822 2974
f 2912 2974 3020
f 78 2537 3020
f 78 3020 2974
f 2537 2456 3019
f 2537 3019 3020
f 335 334 3021
f 335 3021 3022
f 334 333 3023
f 334 3023 3021
f 3024 3025 3021
f 3024 3021 3023
f 3025 3026 3022
f 3025 3022 3021
f 333 444 3027
f 333 3027 3023
f 444 448 3028
f 444 3028 3027
f 3029 3030 3027
f 3029 3027 3028
f 3030 3024 3023
f 3030 3023 3027
f 448 559 3031
f 448 3031 3028
f 559 563 3032
f 559 3032 3031
f 3033 3034 3031
f 3033 3031 3032
f 3034 3029 3028
f 3034 3028 3031
f 563 665 3035
f 563 3035 3032
f 665 669 3036
f 665 3036 3035
f 3037 3038 3035
f 3037 3035 3036
f 3038 3033 3032
f 3038 3032 3035
f 669 780 3039
f 669 3039 3036
f 780 784 3040
f 780 3040 3039
f 3041 3042 3039
f 3041 3039 3040
f 3042 3037 3036
f 3042 3036 3039
f 784 880 3043
f 784 3043 3040
f 880 884 3044
f 880 3044 3043
f 3045 3046 3043
f 3045 3043 3044
f 3046 3041 3040
f 3046 3040 3043
f 884 980 3047
f 884 3047 3044
f 980 984 3048
f 980 3048 3047
f 3049 3050 3047
f 3049 3047 3048
f 3050 3045 3044
f 3050 3044 3047
f 984 1080 3051
f 984 3051 3048
f 1080 1084 3052
f 1080 3052 3051
f 3053 3054 3051
f 3053 3051 3052
f 3054 3049 3048
f 3054 3048 3051
f 1084 1180 3055
f 1084 3055 3052
f 1180 1184 3056
f 1180 3056 3055
f 3057 3058 3055
f 3057 3055 3056
f 3058 3053 3052
f 3058 3052 3055
f 1184 1288 3059
f 1184 3059 3056
f 1288 1292 3060
f 1288 3060 3059
f 3061 3062 3059
f 3061 3059 3060
f 3062 3057 3056
f 3062 3056 3059
f 1292 1394 3063
f 1292 3063 3060
f 1394 1398 3064
f 1394 3064 3063
f 3065 3066 3063
f 3065 3063 3064
f 3066 3061 3060
f 3066 3060 3063
f 1398 1494 3067
f 1398 3067 3064
f 1494 1498 3068
f 1494 3068 3067
f 3069 3070 3067
f 3069 3067 3068
f 3070 3065 3064
f 3070 3064 3067
f 1498 1594 3071
f 1498 3071 3068
f 1594 1598 3072
f 1594 3072 3071
f 3073 3074 3071
f 3073 3071 3072
f 3074 3069 3068
f 3074 3068 3071
f 1598 1694 3075
f 1598 3075 3072
f 1694 1698 3076
f 1694 3076 3075
f 3077 3078 3075
f 3077 3075 3076
f 3078 3073 3072
f 3078 3072 3075
f 1698 1797 3079
f 1698 3079 3076
f 1797 1801 3080
f 1797 3080 3079
f 3081 3082 3079
f 3081 3079 3080
f 3082 3077 3076
f 3082 3076 3079
f 1801 1899 3083
f 1801 3083 3080
f 1899 1903 3084
f 1899 3084 3083
f 3085 3086 3083
f 3085 3083 3084
f 3086 3081 3080
f 3086 3080 3083
f 1903 2030 3087
f 1903 3087 3084
f 2030 2034 3088
f 2030 3088 3087
f 3089 3090 3087
f 3089 3087 3088
f 3090 3085 3084
f 3090 3084 3087
f 2034 2140 3091
f 2034 3091 3088
f 2140 2144 3092
f 2140 3092 3091
f 3093 3094 3091
f 3093 3091 3092
f 3094 3089 3088
f 3094 3088 3091
f 2144 2255 3095
f 2144 3095 3092
f 2255 2259 3096
f 2255 3096 3095
f 3097 3098 3095
f 3097 3095 3096
f 3098 3093 3092
f 3098 3092 3095
f 2259 2357 3099
f 2259 3099 3096
f 2357 2356 3100
f 2357 3100 3099
f 3101 3102 3099
f 3101 3099 3100
f 3102 3097 3096
f 3102 3096 3099
f 3103 3104 3105
f 3103 3105 3106
f 3104 3107 3108
f 3104 3108 3105
f 3109 3110 3105
f 3109 3105 3108
f 3110 3111 3112
f 3110 3112 3105
f 3113 3114 3105
f 3113 3105 3112
f 3114 3115 3106
f 3114 3106 3105
f 3111 3116 3117
f 3111 3117 3112
f 3116 3118 3119
f 3116 3119 3117
f 3120 3121 3117
f 3120 3117 3119
f 3121 3113 3112
f 3121 3112 3117
f 3118 3122 3123
f 3118 3123 3119
f 3122 3124 3125
f 3122 3125 3123
f 3126 3127 3123
f 3126 3123 3125
f 3127 3120 3119
f 3127 3119 3123
f 3124 3128 3129
f 3124 3129 3125
f 3128 3130 3131
f 3128 3131 3129
f 3132 3133 3129
f 3132 3129 3131
f 3133 3126 3125
f 3133 3125 3129
f 1787 1784 3134
f 1787 3134 3135
f 1784 1783 3136
f 1784 3136 3134
f 3137 3135 3134
f 3137 3134 3136
f 1783 3138 3139
f 1783 3139 3136
f 3138 3140 3141
f 3138 3141 3139
f 3142 3143 3139
f 3142 3139 3141
f 3143 3137 3136
f 3143 3136 3139
f 3140 3144 3145
f 3140 3145 3141
f 3144 3146 3147
f 3144 3147 3145
f 3148 3149 3145
f 3148 3145 3147
f 3149 3142 3141
f 3149 3141 3145
f 3146 3150 3151
f 3146 3151 3147
f 3150 3152 3153
f 3150 3153 3151
f 3154 3155 3151
f 3154 3151 3153
f 3155 3148 3147
f 3155 3147 3151
f 3152 3156 3157
f 3152 3157 3153
f 3156 3158 3159
f 3156 3159 3157
f 3160 3161 3157
f 3160 3157 3159
f 3161 3154 3153
f 3161 3153 3157
f 3162 3163 3164
f 3162 3164 3165
f 3163 3166 3167
f 3163 3167 3164
f 3168 3165 3164
f 3168 3164 3167
f 3169 3170 3171
f 3169 3171 3172
f 3170 3173 3174
f 3170 3174 3171
f 3175 3176 3171
f 3175 3171 3174
f 3176 3177 3172
f 3176 3172 3171
f 3178 3179 3180
f 3178 3180 3181
f 3179 3182 3183
f 3179 3183 3180
f 3173 3170 3180
f 3173 3180 3183
f 3170 3169 3181
f 3170 3181 3180
f 3184 3185 3186
f 3184 3186 3187
f 3185 3188 3189
f 3185 3189 3186
f 3182 3179 3186
f 3182 3186 3189
f 3179 3178 3187
f 3179 3187 3186
f 3190 3191 3192
f 3190 3192 3193
f 3191 3194 3195
f 3191 3195 3192
f 3188 3185 3192
f 3188 3192 3195
f 3185 3184 3193
f 3185 3193 3192
f 3190 3196 3197
f 3190 3197 3191
f 3196 3198 3199
f 3196 3199 3197
f 3200 3201 3197
f 3200 3197 3199
f 3201 3194 3191
f 3201 3191 3197
f 3198 3202 3203
f 3198 3203 3199
f 3202 3204 3205
f 3202 3205 3203
f 3206 3207 3203
f 3206 3203 3205
f 3207 3200 3199
f 3207 3199 3203
f 3204 3208 3209
f 3204 3209 3205
f 3208 3210 3211
f 3208 3211 3209
f 3212 3213 3209
f 3212 3209 3211
f 3213 3206 3205
f 3213 3205 3209
f 3210 3214 3215
f 3210 3215 3211
f 3214 3216 3217
f 3214 3217 3215
f 3218 3219 3215
f 3218 3215 3217
f 3219 3220 3221
f 3219 3221 3215
f 3222 3223 3215
f 3222 3215 3221
f 3223 3212 3211
f 3223 3211 3215
f 1757 1756 3224
f 1757 3224 3225
f 1756 1657 3226
f 1756 3226 3224
f 2732 2729 3224
f 2732 3224 3226
f 2729 2728 3225
f 2729 3225 3224
f 1657 2738 3227
f 1657 3227 3226
f 2738 2742 3228
f 2738 3228 3227
f 2734 2733 3227
f 2734 3227 3228
f 2733 2732 3226
f 2733 3226 3227
f 2742 2937 3229
f 2742 3229 3228
f 2937 1664 3230
f 2937 3230 3229
f 2933 2932 3229
f 2933 3229 3230
f 2932 2734 3228
f 2932 3228 3229
f 1664 1760 3231
f 1664 3231 3230
f 1760 1764 3232
f 1760 3232 3231
f 2935 2934 3231
f 2935 3231 3232
f 2934 2933 3230
f 2934 3230 3231
f 1764 2929 3233
f 1764 3233 3232
f 2929 2726 3234
f 2929 3234 3233
f 2736 2931 3233
f 2736 3233 3234
f 2931 2935 3232
f 2931 3232 3233
f 2726 2725 3235
f 2726 3235 3234
f 2725 1757 3225
f 2725 3225 3235
f 2728 2731 3235
f 2728 3235 3225
f 2731 2736 3234
f 2731 3234 3235
f 843 842 3236
f 843 3236 3237
f 842 743 3238
f 842 3238 3236
f 2779 2776 3236
f 2779 3236 3238
f 2776 2775 3237
f 2776 3237 3236
f 743 2785 3239
f 743 3239 3238
f 2785 2789 3240
f 2785 3240 3239
f 2781 2780 3239
f 2781 3239 3240
f 2780 2779 3238
f 2780 3238 3239
f 2789 2962 3241
f 2789 3241 3240
f 2962 750 3242
f 2962 3242 3241
f 2958 2957 3241
f 2958 3241 3242
f 2957 2781 3240
f 2957 3240 3241
f 750 846 3243
f 750 3243 3242
f 846 850 3244
f 846 3244 3243
f 2960 2959 3243
f 2960 3243 3244
f 2959 2958 3242
f 2959 3242 3243
f 850 2954 3245
f 850 3245 3244
f 2954 2773 3246
f 2954 3246 3245
f 2783 2956 3245
f 2783 3245 3246
f 2956 2960 3244
f 2956 3244 3245
f 2773 2772 3247
f 2773 3247 3246
f 2772 843 3237
f 2772 3237 3247
f 2775 2778 3247
f 2775 3247 3237
f 2778 2783 3246
f 2778 3246 3247
f 3026 3025 3248
f 3026 3248 3249
f 3025 3024 3250
f 3025 3250 3248
f 438 435 3248
f 438 3248 3250
f 435 434 3249
f 435 3249 3248
f 3024 3030 3251
f 3024 3251 3250
f 3030 3029 3252
f 3030 3252 3251
f 440 439 3251
f 440 3251 3252
f 439 438 3250
f 439 3250 3251
f 3029 3034 3253
f 3029 3253 3252
f 3034 3033 3254
f 3034 3254 3253
f 555 554 3253
f 555 3253 3254
f 554 440 3252
f 554 3252 3253
f 3033 3038 3255
f 3033 3255 3254
f 3038 3037 3256
f 3038 3256 3255
f 661 660 3255
f 661 3255 3256
f 660 555 3254
f 660 3254 3255
f 3037 3042 3257
f 3037 3257 3256
f 3042 3041 3258
f 3042 3258 3257
f 776 775 3257
f 776 3257 3258
f 775 661 3256
f 775 3256 3257
f 3041 3046 3259
f 3041 3259 3258
f 3046 3045 3260
f 3046 3260 3259
f 876 875 3259
f 876 3259 3260
f 875 776 3258
f 875 3258 3259
f 3045 3050 3261
f 3045 3261 3260
f 3050 3049 3262
f 3050 3262 3261
f 976 975 3261
f 976 3261 3262
f 975 876 3260
f 975 3260 3261
f 3049 3054 3263
f 3049 3263 3262
f 3054 3053 3264
f 3054 3264 3263
f 1076 1075 3263
f 1076 3263 3264
f 1075 976 3262
f 1075 3262 3263
f 3053 3058 3265
f 3053 3265 3264
f 3058 3057 3266
f 3058 3266 3265
f 1176 1175 3265
f 1176 3265 3266
f 1175 1076 3264
f 1175 3264 3265
f 3057 3062 3267
f 3057 3267 3266
f 3062 3061 3268
f 3062 3268 3267
f 1284 1283 3267
f 1284 3267 3268
f 1283 1176 3266
f 1283 3266 3267
f 3061 3066 3269
f 3061 3269 3268
f 3066 3065 3270
f 3066 3270 3269
f 1390 1389 3269
f 1390 3269 3270
f 1389 1284 3268
f 1389 3268 3269
f 3065 3070 3271
f 3065 3271 3270
f 3070 3069 3272
f 3070 3272 3271
f 1490 1489 3271
f 1490 3271 3272
f 1489 1390 3270
f 1489 3270 3271
f 3069 3074 3273
f 3069 3273 3272
f 3074 3073 3274
f 3074 3274 3273
f 1590 1589 3273
f 1590 3273 3274
f 1589 1490 3272
f 1589 3272 3273
f 3073 3078 3275
f 3073 3275 3274
f 3078 3077 3276
f 3078 3276 3275
f 1690 1689 3275
f 1690 3275 3276
f 1689 1590 3274
f 1689 3274 3275
f 3077 3082 3277
f 3077 3277 3276
f 3082 3081 3278
f 3082 3278 3277
f 1793 1792 3277
f 1793 3277 3278
f 1792 1690 3276
f 1792 3276 3277
f 3081 3086 3279
f 3081 3279 3278
f 3086 3085 3280
f 3086 3280 3279
f 1895 1894 3279
f 1895 3279 3280
f 1894 1793 3278
f 1894 3278 3279
f 3085 3090 3281
f 3085 3281 3280
f 3090 3089 3282
f 3090 3282 3281
f 2026 2025 3281
f 2026 3281 3282
f 2025 1895 3280
f 2025 3280 3281
f 3089 3094 3283
f 3089 3283 3282
f 3094 3093 3284
f 3094 3284 3283
f 2136 2135 3283
f 2136 3283 3284
f 2135 2026 3282
f 2135 3282 3283
f 3093 3098 3285
f 3093 3285 3284
f 3098 3097 3286
f 3098 3286 3285
f 2251 2250 3285
f 2251 3285 3286
f 2250 2136 3284
f 2250 3284 3285
f 3097 3102 3287
f 3097 3287 3286
f 3102 3101 3288
f 3102 3288 3287
f 2253 2252 3287
f 2253 3287 3288
f 2252 2251 3286
f 2252 3286 3287
f 3101 3289 3290
f 3101 3290 3288
f 3289 3291 3292
f 3289 3292 3290
f 2138 2249 3290
f 2138 3290 3292
f 2249 2253 3288
f 2249 3288 3290
f 3291 3293 3294
f 3291 3294 3292
f 3293 3295 3296
f 3293 3296 3294
f 2028 2134 3294
f 2028 3294 3296
f 2134 2138 3292
f 2134 3292 3294
f 3295 3297 3298
f 3295 3298 3296
f 3297 3299 3300
f 3297 3300 3298
f 1897 2024 3298
f 1897 3298 3300
f 2024 2028 3296
f 2024 3296 3298
f 3299 3301 3302
f 3299 3302 3300
f 3301 3303 3304
f 3301 3304 3302
f 1795 1893 3302
f 1795 3302 3304
f 1893 1897 3300
f 1893 3300 3302
f 3303 3305 3306
f 3303 3306 3304
f 3305 3307 3308
f 3305 3308 3306
f 1692 1791 3306
f 1692 3306 3308
f 1791 1795 3304
f 1791 3304 3306
f 3307 3309 3310
f 3307 3310 3308
f 3309 3311 3312
f 3309 3312 3310
f 1592 1688 3310
f 1592 3310 3312
f 1688 1692 3308
f 1688 3308 3310
f 3311 3313 3314
f 3311 3314 3312
f 3313 3315 3316
f 3313 3316 3314
f 1492 1588 3314
f 1492 3314 3316
f 1588 1592 3312
f 1588 3312 3314
f 3315 3317 3318
f 3315 3318 3316
f 3317 3319 3320
f 3317 3320 3318
f 1392 1488 3318
f 1392 3318 3320
f 1488 1492 3316
f 1488 3316 3318
f 3319 3321 3322
f 3319 3322 3320
f 3321 3168 3323
f 3321 3323 3322
f 1286 1388 3322
f 1286 3322 3323
f 1388 1392 3320
f 1388 3320 3322
f 3168 3167 3324
f 3168 3324 3323
f 3167 3166 3325
f 3167 3325 3324
f 1178 1282 3324
f 1178 3324 3325
f 1282 1286 3323
f 1282 3323 3324
f 3166 3326 3327
f 3166 3327 3325
f 3326 3328 3329
f 3326 3329 3327
f 1078 1174 3327
f 1078 3327 3329
f 1174 1178 3325
f 1174 3325 3327
f 3328 3330 3331
f 3328 3331 3329
f 3330 3332 3333
f 3330 3333 3331
f 978 1074 3331
f 978 3331 3333
f 1074 1078 3329
f 1074 3329 3331
f 3332 3334 3335
f 3332 3335 3333
f 3334 3336 3337
f 3334 3337 3335
f 878 974 3335
f 878 3335 3337
f 974 978 3333
f 974 3333 3335
f 3336 3338 3339
f 3336 3339 3337
f 3338 3340 3341
f 3338 3341 3339
f 778 874 3339
f 778 3339 3341
f 874 878 3337
f 874 3337 3339
f 3340 3342 3343
f 3340 3343 3341
f 3342 3344 3345
f 3342 3345 3343
f 663 774 3343
f 663 3343 3345
f 774 778 3341
f 774 3341 3343
f 3344 3346 3347
f 3344 3347 3345
f 3346 3348 3349
f 3346 3349 3347
f 557 659 3347
f 557 3347 3349
f 659 663 3345
f 659 3345 3347
f 3348 3350 3351
f 3348 3351 3349
f 3350 3352 3353
f 3350 3353 3351
f 442 553 3351
f 442 3351 3353
f 553 557 3349
f 553 3349 3351
f 3352 3354 3355
f 3352 3355 3353
f 3354 3026 3249
f 3354 3249 3355
f 434 437 3355
f 434 3355 3249
f 437 442 3353
f 437 3353 3355
f 2565 2564 3356
f 2565 3356 3357
f 2564 2563 3358
f 2564 3358 3356
f 3359 3360 3356
f 3359 3356 3358
f 3360 3361 3357
f 3360 3357 3356
f 2563 2678 3362
f 2563 3362 3358
f 2678 2673 3363
f 2678 3363 3362
f 3364 3365 3362
f 3364 3362 3363
f 3365 3359 3358
f 3365 3358 3362
f 2673 2672 3366
f 2673 3366 3363
f 2672 2667 3367
f 2672 3367 3366
f 3368 3369 3366
f 3368 3366 3367
f 3369 3364 3363
f 3369 3363 3366
f 2667 2666 3370
f 2667 3370 3367
f 2666 2661 3371
f 2666 3371 3370
f 3372 3373 3370
f 3372 3370 3371
f 3373 3368 3367
f 3373 3367 3370
f 2661 2660 3374
f 2661 3374 3371
f 2660 2655 3375
f 2660 3375 3374
f 3376 3377 3374
f 3376 3374 3375
f 3377 3372 3371
f 3377 3371 3374
f 2655 2654 3378
f 2655 3378 3375
f 2654 2649 3379
f 2654 3379 3378
f 3380 3381 3378
f 3380 3378 3379
f 3381 3376 3375
f 3381 3375 3378
f 2649 2648 3382
f 2649 3382 3379
f 2648 1837 3383
f 2648 3383 3382
f 3384 3385 3382
f 3384 3382 3383
f 3385 3380 3379
f 3385 3379 3382
f 1837 1836 3386
f 1837 3386 3383
f 1836 1835 3387
f 1836 3387 3386
f 3388 3389 3386
f 3388 3386 3387
f 3389 3384 3383
f 3389 3383 3386
f 1835 1841 3390
f 1835 3390 3387
f 1841 1840 3391
f 1841 3391 3390
f 3392 3393 3390
f 3392 3390 3391
f 3393 3388 3387
f 3393 3387 3390
f 1840 1845 3394
f 1840 3394 3391
f 1845 1844 3395
f 1845 3395 3394
f 3396 3397 3394
f 3396 3394 3395
f 3397 3392 3391
f 3397 3391 3394
f 1844 1849 3398
f 1844 3398 3395
f 1849 1848 3399
f 1849 3399 3398
f 3400 3401 3398
f 3400 3398 3399
f 3401 3396 3395
f 3401 3395 3398
f 1848 1853 3402
f 1848 3402 3399
f 1853 1852 3403
f 1853 3403 3402
f 3404 3405 3402
f 3404 3402 3403
f 3405 3400 3399
f 3405 3399 3402
f 1852 1857 3406
f 1852 3406 3403
f 1857 1856 3407
f 1857 3407 3406
f 3408 3409 3406
f 3408 3406 3407
f 3409 3404 3403
f 3409 3403 3406
f 1856 1861 3410
f 1856 3410 3407
f 1861 1860 3411
f 1861 3411 3410
f 3412 3413 3410
f 3412 3410 3411
f 3413 3408 3407
f 3413 3407 3410
f 1860 2719 3414
f 1860 3414 3411
f 2719 2715 3415
f 2719 3415 3414
f 3416 3417 3414
f 3416 3414 3415
f 3417 3412 3411
f 3417 3411 3414
f 2715 2713 3418
f 2715 3418 3415
f 2713 2709 3419
f 2713 3419 3418
f 3420 3421 3418
f 3420 3418 3419
f 3421 3416 3415
f 3421 3415 3418
f 2709 2707 3422
f 2709 3422 3419
f 2707 2703 3423
f 2707 3423 3422
f 3424 3425 3422
f 3424 3422 3423
f 3425 3420 3419
f 3425 3419 3422
f 2703 2701 3426
f 2703 3426 3423
f 2701 2697 3427
f 2701 3427 3426
f 3428 3429 3426
f 3428 3426 3427
f 3429 3424 3423
f 3429 3423 3426
f 2697 2695 3430
f 2697 3430 3427
f 2695 2691 3431
f 2695 3431 3430
f 3432 3433 3430
f 3432 3430 3431
f 3433 3428 3427
f 3433 3427 3430
f 2691 2689 3434
f 2691 3434 3431
f 2689 2684 3435
f 2689 3435 3434
f 3436 3437 3434
f 3436 3434 3435
f 3437 3432 3431
f 3437 3431 3434
f 2684 2681 3438
f 2684 3438 3435
f 2681 2680 3439
f 2681 3439 3438
f 3440 3441 3438
f 3440 3438 3439
f 3441 3436 3435
f 3441 3435 3438
f 2680 2814 3442
f 2680 3442 3439
f 2814 2810 3443
f 2814 3443 3442
f 3444 3445 3442
f 3444 3442 3443
f 3445 3440 3439
f 3445 3439 3442
f 2810 2808 3446
f 2810 3446 3443
f 2808 2804 3447
f 2808 3447 3446
f 3448 3449 3446
f 3448 3446 3447
f 3449 3444 3443
f 3449 3443 3446
f 2804 2802 3450
f 2804 3450 3447
f 2802 2798 3451
f 2802 3451 3450
f 3452 3453 3450
f 3452 3450 3451
f 3453 3448 3447
f 3453 3447 3450
f 2798 2796 3454
f 2798 3454 3451
f 2796 2792 3455
f 2796 3455 3454
f 3456 3457 3454
f 3456 3454 3455
f 3457 3452 3451
f 3457 3451 3454
f 2792 2790 3458
f 2792 3458 3455
f 2790 741 3459
f 2790 3459 3458
f 3460 3461 3458
f 3460 3458 3459
f 3461 3456 3455
f 3461 3455 3458
f 741 739 3462
f 741 3462 3459
f 739 735 3463
f 739 3463 3462
f 3464 3465 3462
f 3464 3462 3463
f 3465 3460 3459
f 3465 3459 3462
f 735 733 3466
f 735 3466 3463
f 733 729 3467
f 733 3467 3466
f 3468 3469 3466
f 3468 3466 3467
f 3469 3464 3463
f 3469 3463 3466
f 729 727 3470
f 729 3470 3467
f 727 723 3471
f 727 3471 3470
f 3472 3473 3470
f 3472 3470 3471
f 3473 3468 3467
f 3473 3467 3470
f 723 721 3474
f 723 3474 3471
f 721 717 3475
f 721 3475 3474
f 3476 3477 3474
f 3476 3474 3475
f 3477 3472 3471
f 3477 3471 3474
f 717 715 3478
f 717 3478 3475
f 715 711 3479
f 715 3479 3478
f 3480 3481 3478
f 3480 3478 3479
f 3481 3476 3475
f 3481 3475 3478
f 711 709 3482
f 711 3482 3479
f 709 704 3483
f 709 3483 3482
f 3484 3485 3482
f 3484 3482 3483
f 3485 3480 3479
f 3485 3479 3482
f 704 701 3486
f 704 3486 3483
f 701 700 3487
f 701 3487 3486
f 3488 3489 3486
f 3488 3486 3487
f 3489 3484 3483
f 3489 3483 3486
f 700 2595 3490
f 700 3490 3487
f 2595 2590 3491
f 2595 3491 3490
f 3492 3493 3490
f 3492 3490 3491
f 3493 3488 3487
f 3493 3487 3490
f 2590 2589 3494
f 2590 3494 3491
f 2589 2584 3495
f 2589 3495 3494
f 3496 3497 3494
f 3496 3494 3495
f 3497 3492 3491
f 3497 3491 3494
f 2584 2583 3498
f 2584 3498 3495
f 2583 2578 3499
f 2583 3499 3498
f 3500 3501 3498
f 3500 3498 3499
f 3501 3496 3495
f 3501 3495 3498
f 2578 2577 3502
f 2578 3502 3499
f 2577 2572 3503
f 2577 3503 3502
f 3504 3505 3502
f 3504 3502 3503
f 3505 3500 3499
f 3505 3499 3502
f 2572 2571 3506
f 2572 3506 3503
f 2571 2565 3357
f 2571 3357 3506
f 3361 3507 3506
f 3361 3506 3357
f 3507 3504 3503
f 3507 3503 3506
f 3361 3360 3508
f 3361 3508 3509
f 3360 3359 3510
f 3360 3510 3508
f 10 13 3508
f 10 3508 3510
f 13 18 3509
f 13 3509 3508
f 3359 3365 3511
f 3359 3511 3510
f 3365 3364 3512
f 3365 3512 3511
f 2403 2509 3511
f 2403 3511 3512
f 2509 10 3510
f 2509 3510 3511
f 3364 3369 3513
f 3364 3513 3512
f 3369 3368 3514
f 3369 3514 3513
f 2295 2399 3513
f 2295 3513 3514
f 2399 2403 3512
f 2399 3512 3513
f 3368 3373 3515
f 3368 3515 3514
f 3373 3372 3516
f 3373 3516 3515
f 2180 2291 3515
f 2180 3515 3516
f 2291 2295 3514
f 2291 3514 3515
f 3372 3377 3517
f 3372 3517 3516
f 3377 3376 3518
f 3377 3518 3517
f 2070 2176 3517
f 2070 3517 3518
f 2176 2180 3516
f 2176 3516 3517
f 3376 3381 3519
f 3376 3519 3518
f 3381 3380 3520
f 3381 3520 3519
f 1942 2066 3519
f 1942 3519 3520
f 2066 2070 3518
f 2066 3518 3519
f 3380 3385 3521
f 3380 3521 3520
f 3385 3384 3522
f 3385 3522 3521
f 1934 1937 3521
f 1934 3521 3522
f 1937 1942 3520
f 1937 3520 3521
f 3384 3389 3523
f 3384 3523 3522
f 3389 3388 3524
f 3389 3524 3523
f 1938 1935 3523
f 1938 3523 3524
f 1935 1934 3522
f 1935 3522 3523
f 3388 3393 3525
f 3388 3525 3524
f 3393 3392 3526
f 3393 3526 3525
f 1954 3527 3525
f 1954 3525 3526
f 3527 3528 3529
f 3527 3529 3525
f 1938 3524 3525
f 1938 3525 3529
f 3392 3397 3530
f 3392 3530 3526
f 3397 3396 3531
f 3397 3531 3530
f 1958 1955 3530
f 1958 3530 3531
f 1955 1954 3526
f 1955 3526 3530
f 3396 3401 3532
f 3396 3532 3531
f 3401 3400 3533
f 3401 3533 3532
f 1965 1963 3532
f 1965 3532 3533
f 1963 1958 3531
f 1963 3531 3532
f 3400 3405 3534
f 3400 3534 3533
f 3405 3404 3535
f 3405 3535 3534
f 1971 1969 3534
f 1971 3534 3535
f 1969 1965 3533
f 1969 3533 3534
f 3404 3409 3536
f 3404 3536 3535
f 3409 3408 3537
f 3409 3537 3536
f 1984 3538 3536
f 1984 3536 3537
f 3538 1971 3535
f 3538 3535 3536
f 3408 3413 3539
f 3408 3539 3537
f 3413 3412 3540
f 3413 3540 3539
f 1988 1985 3539
f 1988 3539 3540
f 1985 1984 3537
f 1985 3537 3539
f 3412 3417 3541
f 3412 3541 3540
f 3417 3416 3542
f 3417 3542 3541
f 1990 1989 3541
f 1990 3541 3542
f 1989 1988 3540
f 1989 3540 3541
f 3416 3421 3543
f 3416 3543 3542
f 3421 3420 3544
f 3421 3544 3543
f 2100 2099 3543
f 2100 3543 3544
f 2099 1990 3542
f 2099 3542 3543
f 3420 3425 3545
f 3420 3545 3544
f 3425 3424 3546
f 3425 3546 3545
f 3547 3548 3545
f 3547 3545 3546
f 3548 2100 3544
f 3548 3544 3545
f 3424 3429 3549
f 3424 3549 3546
f 3429 3428 3550
f 3429 3550 3549
f 2439 3551 3549
f 2439 3549 3550
f 3551 3547 3546
f 3551 3546 3549
f 3428 3433 3552
f 3428 3552 3550
f 3433 3432 3553
f 3433 3553 3552
f 2441 2440 3552
f 2441 3552 3553
f 2440 2439 3550
f 2440 3550 3552
f 3432 3437 3554
f 3432 3554 3553
f 3437 3436 3555
f 3437 3555 3554
f 57 2530 3554
f 57 3554 3555
f 2530 2441 3553
f 2530 3553 3554
f 3436 3441 3556
f 3436 3556 3555
f 3441 3440 3557
f 3441 3557 3556
f 59 58 3556
f 59 3556 3557
f 58 57 3555
f 58 3555 3556
f 3440 3445 3558
f 3440 3558 3557
f 3445 3444 3559
f 3445 3559 3558
f 190 189 3558
f 190 3558 3559
f 189 59 3557
f 189 3557 3558
f 3444 3449 3560
f 3444 3560 3559
f 3449 3448 3561
f 3449 3561 3560
f 300 299 3560
f 300 3560 3561
f 299 190 3559
f 299 3559 3560
f 3448 3453 3562
f 3448 3562 3561
f 3453 3452 3563
f 3453 3563 3562
f 400 399 3562
f 400 3562 3563
f 399 300 3561
f 399 3561 3562
f 3452 3457 3564
f 3452 3564 3563
f 3457 3456 3565
f 3457 3565 3564
f 521 520 3564
f 521 3564 3565
f 520 400 3563
f 520 3563 3564
f 3456 3461 3566
f 3456 3566 3565
f 3461 3460 3567
f 3461 3567 3566
f 627 626 3566
f 627 3566 3567
f 626 521 3565
f 626 3565 3566
f 3460 3465 3568
f 3460 3568 3567
f 3465 3464 3569
f 3465 3569 3568
f 629 628 3568
f 629 3568 3569
f 628 627 3567
f 628 3567 3568
f 3464 3469 3570
f 3464 3570 3569
f 3469 3468 3571
f 3469 3571 3570
f 616 3572 3570
f 616 3570 3571
f 3572 629 3569
f 3572 3569 3570
f 3468 3473 3573
f 3468 3573 3571
f 3473 3472 3574
f 3473 3574 3573
f 611 617 3573
f 611 3573 3574
f 617 616 3571
f 617 3571 3573
f 3472 3477 3575
f 3472 3575 3574
f 3477 3476 3576
f 3477 3576 3575
f 613 612 3575
f 613 3575 3576
f 612 611 3574
f 612 3574 3575
f 3476 3481 3577
f 3476 3577 3576
f 3481 3480 3578
f 3481 3578 3577
f 3579 3580 3577
f 3579 3577 3578
f 3580 613 3576
f 3580 3576 3577
f 3480 3485 3581
f 3480 3581 3578
f 3485 3484 3582
f 3485 3582 3581
f 597 603 3581
f 597 3581 3582
f 603 602 3583
f 603 3583 3581
f 3579 3578 3581
f 3579 3581 3583
f 3484 3489 3584
f 3484 3584 3582
f 3489 3488 3585
f 3489 3585 3584
f 599 598 3584
f 599 3584 3585
f 598 597 3582
f 598 3582 3584
f 3488 3493 3586
f 3488 3586 3585
f 3493 3492 3587
f 3493 3587 3586
f 484 595 3586
f 484 3586 3587
f 595 599 3585
f 595 3585 3586
f 3492 3497 3588
f 3492 3588 3587
f 3497 3496 3589
f 3497 3589 3588
f 375 480 3588
f 375 3588 3589
f 480 484 3587
f 480 3587 3588
f 3496 3501 3590
f 3496 3590 3589
f 3501 3500 3591
f 3501 3591 3590
f 265 371 3590
f 265 3590 3591
f 371 375 3589
f 371 3589 3590
f 3500 3505 3592
f 3500 3592 3591
f 3505 3504 3593
f 3505 3593 3592
f 162 261 3592
f 162 3592 3593
f 261 265 3591
f 261 3591 3592
f 3504 3507 3594
f 3504 3594 3593
f 3507 3361 3509
f 3507 3509 3594
f 18 158 3594
f 18 3594 3509
f 158 162 3593
f 158 3593 3594
f 1351 1350 3595
f 1351 3595 2752
f 1350 1245 2756
f 1350 2756 3595
f 2760 3596 3595
f 2760 3595 2756
f 3596 2753 2752
f 3596 2752 3595
f 2753 3596 3597
f 2753 3597 2944
f 3596 2760 2946
f 3596 2946 3597
f 1253 3598 3597
f 1253 3597 2946
f 3598 1363 2944
f 3598 2944 3597
f 1363 3598 3599
f 1363 3599 1358
f 3598 1253 1252
f 3598 1252 3599
f 1251 1365 3599
f 1251 3599 1252
f 1365 1355 1358
f 1365 1358 3599
f 1243 1242 3600
f 1243 3600 2757
f 1242 1143 2762
f 1242 2762 3600
f 2766 3601 3600
f 2766 3600 2762
f 3601 2758 2757
f 3601 2757 3600
f 2758 3601 3602
f 2758 3602 2947
f 3601 2766 2949
f 3601 2949 3602
f 1150 3603 3602
f 1150 3602 2949
f 3603 1255 2947
f 3603 2947 3602
f 1255 3603 3604
f 1255 3604 1250
f 3603 1150 1149
f 3603 1149 3604
f 1148 3605 3604
f 1148 3604 1149
f 3605 1247 1250
f 3605 1250 3604
f 1247 3605 3606
f 1247 3606 1259
f 3605 1148 1154
f 3605 1154 3606
f 1153 1257 3606
f 1153 3606 1154
f 1257 1256 1259
f 1257 1259 3606
f 3168 3321 3607
f 3168 3607 3608
f 3321 3319 3609
f 3321 3609 3607
f 3610 3608 3607
f 3610 3607 3609
f 3611 3612 3613
f 3611 3613 3614
f 3612 3615 3616
f 3612 3616 3613
f 3617 3618 3613
f 3617 3613 3616
f 3618 3619 3614
f 3618 3614 3613
f 3619 3618 3620
f 3619 3620 3621
f 3618 3617 3622
f 3618 3622 3620
f 3623 3624 3620
f 3623 3620 3622
f 3624 3625 3621
f 3624 3621 3620
f 3625 3624 3626
f 3625 3626 3627
f 3624 3623 3628
f 3624 3628 3626
f 3629 3630 3626
f 3629 3626 3628
f 3630 3631 3627
f 3630 3627 3626
f 3631 3630 3632
f 3631 3632 3633
f 3630 3629 3634
f 3630 3634 3632
f 3132 3131 3632
f 3132 3632 3634
f 3131 3130 3633
f 3131 3633 3632
f 3160 3159 3635
f 3160 3635 3636
f 3159 3158 3637
f 3159 3637 3635
f 3638 3639 3635
f 3638 3635 3637
f 3639 3640 3636
f 3639 3636 3635
f 3640 3639 3641
f 3640 3641 3642
f 3639 3638 3643
f 3639 3643 3641
f 3644 3645 3641
f 3644 3641 3643
f 3645 3646 3642
f 3645 3642 3641
f 3646 3645 3647
f 3646 3647 3648
f 3645 3644 3649
f 3645 3649 3647
f 3650 3651 3647
f 3650 3647 3649
f 3651 3652 3648
f 3651 3648 3647
f 3652 3651 3653
f 3652 3653 3654
f 3651 3650 3655
f 3651 3655 3653
f 3656 3657 3653
f 3656 3653 3655
f 3657 3658 3654
f 3657 3654 3653
f 3658 3657 3659
f 3658 3659 3660
f 3657 3656 3661
f 3657 3661 3659
f 3662 3660 3659
f 3662 3659 3661
f 3663 3664 3665
f 3663 3665 3666
f 3664 3667 3668
f 3664 3668 3665
f 3669 3670 3665
f 3669 3665 3668
f 3670 3671 3666
f 3670 3666 3665
f 3667 3672 3673
f 3667 3673 3668
f 3672 3674 3675
f 3672 3675 3673
f 3676 3677 3673
f 3676 3673 3675
f 3677 3669 3668
f 3677 3668 3673
f 3674 3678 3679
f 3674 3679 3675
f 3678 3680 3681
f 3678 3681 3679
f 3682 3683 3679
f 3682 3679 3681
f 3683 3676 3675
f 3683 3675 3679
f 3680 3684 3685
f 3680 3685 3681
f 3684 3686 3687
f 3684 3687 3685
f 3688 3689 3685
f 3688 3685 3687
f 3689 3682 3681
f 3689 3681 3685
f 3686 3690 3691
f 3686 3691 3687
f 3690 3610 3692
f 3690 3692 3691
f 3693 3694 3691
f 3693 3691 3692
f 3694 3688 3687
f 3694 3687 3691
f 3610 3609 3695
f 3610 3695 3692
f 3609 3319 3696
f 3609 3696 3695
f 3693 3692 3695
f 3693 3695 3696
f 3101 3100 3697
f 3101 3697 3698
f 3100 2356 3699
f 3100 3699 3697
f 3700 3698 3697
f 3700 3697 3699
f 2356 3701 3702
f 2356 3702 3699
f 3701 3703 3704
f 3701 3704 3702
f 3705 3706 3702
f 3705 3702 3704
f 3706 3700 3699
f 3706 3699 3702
f 3707 3708 3709
f 3707 3709 3710
f 3708 3711 3712
f 3708 3712 3709
f 3713 3714 3709
f 3713 3709 3712
f 3714 3715 3710
f 3714 3710 3709
f 3711 3716 3717
f 3711 3717 3712
f 3716 3663 3666
f 3716 3666 3717
f 3671 3718 3717
f 3671 3717 3666
f 3718 3713 3712
f 3718 3712 3717
f 3719 3720 3721
f 3719 3721 3722
f 3720 3723 3724
f 3720 3724 3721
f 3725 3726 3721
f 3725 3721 3724
f 3726 3727 3722
f 3726 3722 3721
f 335 3022 3728
f 335 3728 3729
f 3022 3026 3730
f 3022 3730 3728
f 3731 3729 3728
f 3731 3728 3730
f 3166 3163 3732
f 3166 3732 3733
f 3163 3162 3734
f 3163 3734 3732
f 3735 3733 3732
f 3735 3732 3734
f 3162 3736 3737
f 3162 3737 3734
f 3736 3738 3739
f 3736 3739 3737
f 3740 3741 3737
f 3740 3737 3739
f 3741 3735 3734
f 3741 3734 3737
f 3738 3742 3743
f 3738 3743 3739
f 3742 3744 3745
f 3742 3745 3743
f 3746 3747 3743
f 3746 3743 3745
f 3747 3740 3739
f 3747 3739 3743
f 3744 3748 3749
f 3744 3749 3745
f 3748 3750 3751
f 3748 3751 3749
f 3752 3753 3749
f 3752 3749 3751
f 3753 3746 3745
f 3753 3745 3749
f 3750 3754 3755
f 3750 3755 3751
f 3754 3756 3757
f 3754 3757 3755
f 3758 3759 3755
f 3758 3755 3757
f 3759 3752 3751
f 3759 3751 3755
f 3756 3760 3761
f 3756 3761 3757
f 3760 3762 3763
f 3760 3763 3761
f 3764 3765 3761
f 3764 3761 3763
f 3765 3758 3757
f 3765 3757 3761
f 3762 3766 3767
f 3762 3767 3763
f 3766 3768 3769
f 3766 3769 3767
f 3770 3771 3767
f 3770 3767 3769
f 3771 3764 3763
f 3771 3763 3767
f 3768 3772 3773
f 3768 3773 3769
f 3772 3719 3722
f 3772 3722 3773
f 3727 3774 3773
f 3727 3773 3722
f 3774 3770 3769
f 3774 3769 3773
f 3671 3670 3775
f 3671 3775 3776
f 3670 3669 3777
f 3670 3777 3775
f 3130 3128 3775
f 3130 3775 3777
f 3128 3124 3776
f 3128 3776 3775
f 3669 3677 3778
f 3669 3778 3777
f 3677 3676 3779
f 3677 3779 3778
f 3631 3633 3778
f 3631 3778 3779
f 3633 3130 3777
f 3633 3777 3778
f 3676 3683 3780
f 3676 3780 3779
f 3683 3682 3781
f 3683 3781 3780
f 3625 3627 3780
f 3625 3780 3781
f 3627 3631 3779
f 3627 3779 3780
f 3682 3689 3782
f 3682 3782 3781
f 3689 3688 3783
f 3689 3783 3782
f 3619 3621 3782
f 3619 3782 3783
f 3621 3625 3781
f 3621 3781 3782
f 3688 3694 3784
f 3688 3784 3783
f 3694 3693 3785
f 3694 3785 3784
f 3611 3614 3784
f 3611 3784 3785
f 3614 3619 3783
f 3614 3783 3784
f 3693 3696 3786
f 3693 3786 3785
f 3696 3319 3787
f 3696 3787 3786
f 3615 3612 3786
f 3615 3786 3787
f 3612 3611 3785
f 3612 3785 3786
f 3319 3317 3788
f 3319 3788 3787
f 3317 3315 3789
f 3317 3789 3788
f 3617 3616 3788
f 3617 3788 3789
f 3616 3615 3787
f 3616 3787 3788
f 3315 3313 3790
f 3315 3790 3789
f 3313 3311 3791
f 3313 3791 3790
f 3623 3622 3790
f 3623 3790 3791
f 3622 3617 3789
f 3622 3789 3790
f 3311 3309 3792
f 3311 3792 3791
f 3309 3307 3793
f 3309 3793 3792
f 3629 3628 3792
f 3629 3792 3793
f 3628 3623 3791
f 3628 3791 3792
f 3307 3305 3794
f 3307 3794 3793
f 3305 3303 3795
f 3305 3795 3794
f 3132 3634 3794
f 3132 3794 3795
f 3634 3629 3793
f 3634 3793 3794
f 3303 3301 3796
f 3303 3796 3795
f 3301 3299 3797
f 3301 3797 3796
f 3126 3133 3796
f 3126 3796 3797
f 3133 3132 3795
f 3133 3795 3796
f 3299 3297 3798
f 3299 3798 3797
f 3297 3295 3799
f 3297 3799 3798
f 3120 3127 3798
f 3120 3798 3799
f 3127 3126 3797
f 3127 3797 3798
f 3295 3293 3800
f 3295 3800 3799
f 3293 3291 3801
f 3293 3801 3800
f 3113 3121 3800
f 3113 3800 3801
f 3121 3120 3799
f 3121 3799 3800
f 3291 3289 3802
f 3291 3802 3801
f 3289 3101 3803
f 3289 3803 3802
f 3115 3114 3802
f 3115 3802 3803
f 3114 3113 3801
f 3114 3801 3802
f 3101 3698 3804
f 3101 3804 3803
f 3698 3700 3805
f 3698 3805 3804
f 3103 3106 3804
f 3103 3804 3805
f 3106 3115 3803
f 3106 3803 3804
f 3700 3706 3806
f 3700 3806 3805
f 3706 3705 3807
f 3706 3807 3806
f 3107 3104 3806
f 3107 3806 3807
f 3104 3103 3805
f 3104 3805 3806
f 3715 3714 3808
f 3715 3808 3809
f 3714 3713 3810
f 3714 3810 3808
f 3118 3116 3808
f 3118 3808 3810
f 3116 3111 3809
f 3116 3809 3808
f 3713 3718 3811
f 3713 3811 3810
f 3718 3671 3776
f 3718 3776 3811
f 3124 3122 3811
f 3124 3811 3776
f 3122 3118 3810
f 3122 3810 3811
f 3727 3726 3812
f 3727 3812 3813
f 3726 3725 3814
f 3726 3814 3812
f 3216 3214 3812
f 3216 3812 3814
f 3214 3210 3813
f 3214 3813 3812
f 3731 3730 3815
f 3731 3815 3816
f 3730 3026 3817
f 3730 3817 3815
f 3222 3221 3815
f 3222 3815 3817
f 3221 3220 3816
f 3221 3816 3815
f 3026 3354 3818
f 3026 3818 3817
f 3354 3352 3819
f 3354 3819 3818
f 3212 3223 3818
f 3212 3818 3819
f 3223 3222 3817
f 3223 3817 3818
f 3352 3350 3820
f 3352 3820 3819
f 3350 3348 3821
f 3350 3821 3820
f 3206 3213 3820
f 3206 3820 3821
f 3213 3212 3819
f 3213 3819 3820
f 3348 3346 3822
f 3348 3822 3821
f 3346 3344 3823
f 3346 3823 3822
f 3200 3207 3822
f 3200 3822 3823
f 3207 3206 3821
f 3207 3821 3822
f 3344 3342 3824
f 3344 3824 3823
f 3342 3340 3825
f 3342 3825 3824
f 3194 3201 3824
f 3194 3824 3825
f 3201 3200 3823
f 3201 3823 3824
f 3340 3338 3826
f 3340 3826 3825
f 3338 3336 3827
f 3338 3827 3826
f 3188 3195 3826
f 3188 3826 3827
f 3195 3194 3825
f 3195 3825 3826
f 3336 3334 3828
f 3336 3828 3827
f 3334 3332 3829
f 3334 3829 3828
f 3182 3189 3828
f 3182 3828 3829
f 3189 3188 3827
f 3189 3827 3828
f 3332 3330 3830
f 3332 3830 3829
f 3330 3328 3831
f 3330 3831 3830
f 3173 3183 3830
f 3173 3830 3831
f 3183 3182 3829
f 3183 3829 3830
f 3328 3326 3832
f 3328 3832 3831
f 3326 3166 3833
f 3326 3833 3832
f 3175 3174 3832
f 3175 3832 3833
f 3174 3173 3831
f 3174 3831 3832
f 3166 3733 3834
f 3166 3834 3833
f 3733 3735 3835
f 3733 3835 3834
f 3177 3176 3834
f 3177 3834 3835
f 3176 3175 3833
f 3176 3833 3834
f 3735 3741 3836
f 3735 3836 3835
f 3741 3740 3837
f 3741 3837 3836
f 3169 3172 3836
f 3169 3836 3837
f 3172 3177 3835
f 3172 3835 3836
f 3740 3747 3838
f 3740 3838 3837
f 3747 3746 3839
f 3747 3839 3838
f 3178 3181 3838
f 3178 3838 3839
f 3181 3169 3837
f 3181 3837 3838
f 3746 3753 3840
f 3746 3840 3839
f 3753 3752 3841
f 3753 3841 3840
f 3184 3187 3840
f 3184 3840 3841
f 3187 3178 3839
f 3187 3839 3840
f 3752 3759 3842
f 3752 3842 3841
f 3759 3758 3843
f 3759 3843 3842
f 3190 3193 3842
f 3190 3842 3843
f 3193 3184 3841
f 3193 3841 3842
f 3758 3765 3844
f 3758 3844 3843
f 3765 3764 3845
f 3765 3845 3844
f 3198 3196 3844
f 3198 3844 3845
f 3196 3190 3843
f 3196 3843 3844
f 3764 3771 3846
f 3764 3846 3845
f 3771 3770 3847
f 3771 3847 3846
f 3204 3202 3846
f 3204 3846 3847
f 3202 3198 3845
f 3202 3845 3846
f 3770 3774 3848
f 3770 3848 3847
f 3774 3727 3813
f 3774 3813 3848
f 3210 3208 3848
f 3210 3848 3813
f 3208 3204 3847
f 3208 3847 3848
f 3849 3850 3851
f 3849 3851 3852
f 3850 3853 3854
f 3850 3854 3851
f 2352 2350 3851
f 2352 3851 3854
f 2350 2233 2232
f 2350 2232 3851
f 2125 3855 3851
f 2125 3851 2232
f 3855 3856 3852
f 3855 3852 3851
f 3856 3855 3857
f 3856 3857 3858
f 3855 2125 2124
f 3855 2124 3857
f 2015 3859 3857
f 2015 3857 2124
f 3859 3860 3858
f 3859 3858 3857
f 3860 3859 3861
f 3860 3861 3862
f 3859 2015 2014
f 3859 2014 3861
f 1884 3863 3861
f 1884 3861 2014
f 3863 3864 3862
f 3863 3862 3861
f 3864 3863 3865
f 3864 3865 3866
f 3863 1884 1883
f 3863 1883 3865
f 1781 3867 3865
f 1781 3865 1883
f 3867 3868 3866
f 3867 3866 3865
f 3868 3867 3869
f 3868 3869 3870
f 3867 1781 1780
f 3867 1780 3869
f 1681 1686 3869
f 1681 3869 1780
f 1686 1685 3870
f 1686 3870 3869
f 3871 3872 3873
f 3871 3873 3874
f 3872 3875 3876
f 3872 3876 3873
f 3877 3878 3873
f 3877 3873 3876
f 3878 3879 3874
f 3878 3874 3873
f 3880 3881 3882
f 3880 3882 3883
f 3881 3884 3885
f 3881 3885 3882
f 3886 3887 3882
f 3886 3882 3885
f 3887 3888 3883
f 3887 3883 3882
f 3889 3890 3891
f 3889 3891 3892
f 3890 3893 3894
f 3890 3894 3891
f 3895 3896 3891
f 3895 3891 3894
f 3896 3897 3892
f 3896 3892 3891
f 3895 3894 3898
f 3895 3898 3899
f 3894 3893 3900
f 3894 3900 3898
f 3901 3902 3898
f 3901 3898 3900
f 3902 3903 3899
f 3902 3899 3898
f 3903 3902 3904
f 3903 3904 3905
f 3902 3901 3906
f 3902 3906 3904
f 3907 3908 3904
f 3907 3904 3906
f 3908 3909 3905
f 3908 3905 3904
f 3909 3908 3910
f 3909 3910 3911
f 3908 3907 3912
f 3908 3912 3910
f 3662 3913 3910
f 3662 3910 3912
f 3913 3914 3911
f 3913 3911 3910
f 3914 3913 3915
f 3914 3915 3916
f 3913 3662 3661
f 3913 3661 3915
f 3656 3916 3915
f 3656 3915 3661
f 3917 3918 3919
f 3917 3919 3920
f 3918 3921 3922
f 3918 3922 3919
f 3923 3924 3919
f 3923 3919 3922
f 3924 3925 3926
f 3924 3926 3919
f 3927 3928 3919
f 3927 3919 3926
f 3928 3929 3920
f 3928 3920 3919
f 3723 3930 3931
f 3723 3931 3724
f 3930 3932 3933
f 3930 3933 3931
f 3934 3935 3931
f 3934 3931 3933
f 3935 3725 3724
f 3935 3724 3931
f 3936 3937 3938
f 3936 3938 3939
f 3937 2132 2131
f 3937 2131 3938
f 2130 3940 3938
f 2130 3938 2131
f 3940 3941 3939
f 3940 3939 3938
f 3942 3943 3944
f 3942 3944 3945
f 3943 3707 3710
f 3943 3710 3944
f 3715 3946 3944
f 3715 3944 3710
f 3946 3947 3945
f 3946 3945 3944
f 220 219 3948
f 220 3948 3949
f 219 218 3950
f 219 3950 3948
f 3951 3952 3948
f 3951 3948 3950
f 3952 3880 3949
f 3952 3949 3948
f 218 331 3953
f 218 3953 3950
f 331 335 3954
f 331 3954 3953
f 3955 3956 3953
f 3955 3953 3954
f 3956 3951 3950
f 3956 3950 3953
f 3932 3930 3957
f 3932 3957 3958
f 3930 3723 3959
f 3930 3959 3957
f 3960 3961 3957
f 3960 3957 3959
f 3961 3962 3958
f 3961 3958 3957
f 3723 3720 3963
f 3723 3963 3959
f 3720 3719 3964
f 3720 3964 3963
f 3965 3966 3963
f 3965 3963 3964
f 3966 3960 3959
f 3966 3959 3963
f 3719 3772 3967
f 3719 3967 3964
f 3772 3768 3968
f 3772 3968 3967
f 3969 3970 3967
f 3969 3967 3968
f 3970 3965 3964
f 3970 3964 3967
f 3768 3766 3971
f 3768 3971 3968
f 3766 3762 3972
f 3766 3972 3971
f 3973 3974 3971
f 3973 3971 3972
f 3974 3969 3968
f 3974 3968 3971
f 3762 3760 3975
f 3762 3975 3972
f 3760 3756 3976
f 3760 3976 3975
f 3977 3978 3975
f 3977 3975 3976
f 3978 3973 3972
f 3978 3972 3975
f 3756 3754 3979
f 3756 3979 3976
f 3754 3750 3980
f 3754 3980 3979
f 3981 3982 3979
f 3981 3979 3980
f 3982 3977 3976
f 3982 3976 3979
f 3750 3748 3983
f 3750 3983 3980
f 3748 3744 3984
f 3748 3984 3983
f 3985 3986 3983
f 3985 3983 3984
f 3986 3981 3980
f 3986 3980 3983
f 3744 3742 3987
f 3744 3987 3984
f 3742 3738 3988
f 3742 3988 3987
f 3989 3990 3987
f 3989 3987 3988
f 3990 3985 3984
f 3990 3984 3987
f 3738 3736 3991
f 3738 3991 3988
f 3736 3162 3992
f 3736 3992 3991
f 3993 3994 3991
f 3993 3991 3992
f 3994 3989 3988
f 3994 3988 3991
f 3162 3165 3995
f 3162 3995 3992
f 3165 3168 3996
f 3165 3996 3995
f 3997 3998 3995
f 3997 3995 3996
f 3998 3993 3992
f 3998 3992 3995
f 3168 3608 3999
f 3168 3999 3996
f 3608 3610 4000
f 3608 4000 3999
f 4001 4002 3999
f 4001 3999 4000
f 4002 3997 3996
f 4002 3996 3999
f 3610 3690 4003
f 3610 4003 4000
f 3690 3686 4004
f 3690 4004 4003
f 4005 4006 4003
f 4005 4003 4004
f 4006 4001 4000
f 4006 4000 4003
f 3686 3684 4007
f 3686 4007 4004
f 3684 3680 4008
f 3684 4008 4007
f 4009 4010 4007
f 4009 4007 4008
f 4010 4005 4004
f 4010 4004 4007
f 3680 3678 4011
f 3680 4011 4008
f 3678 3674 4012
f 3678 4012 4011
f 4013 4014 4011
f 4013 4011 4012
f 4014 4009 4008
f 4014 4008 4011
f 3674 3672 4015
f 3674 4015 4012
f 3672 3667 4016
f 3672 4016 4015
f 4017 4018 4015
f 4017 4015 4016
f 4018 4013 4012
f 4018 4012 4015
f 3667 3664 4019
f 3667 4019 4016
f 3664 3663 4020
f 3664 4020 4019
f 4021 4022 4019
f 4021 4019 4020
f 4022 4017 4016
f 4022 4016 4019
f 3663 3716 4023
f 3663 4023 4020
f 3716 3711 4024
f 3716 4024 4023
f 4025 4026 4023
f 4025 4023 4024
f 4026 4021 4020
f 4026 4020 4023
f 3711 3708 4027
f 3711 4027 4024
f 3708 3707 4028
f 3708 4028 4027
f 4029 4030 4027
f 4029 4027 4028
f 4030 4025 4024
f 4030 4024 4027
f 3707 3943 4031
f 3707 4031 4028
f 3943 3942 4032
f 3943 4032 4031
f 4033 4034 4031
f 4033 4031 4032
f 4034 4029 4028
f 4034 4028 4031
f 3703 3701 4035
f 3703 4035 4036
f 3701 2356 4037
f 3701 4037 4035
f 4038 4039 4035
f 4038 4035 4037
f 4039 4040 4036
f 4039 4036 4035
f 2356 2359 4041
f 2356 4041 4037
f 2359 2363 4042
f 2359 4042 4041
f 4043 4044 4041
f 4043 4041 4042
f 4044 4038 4037
f 4044 4037 4041
f 2363 2469 4045
f 2363 4045 4042
f 2469 2354 4046
f 2469 4046 4045
f 4047 4048 4045
f 4047 4045 4046
f 4048 4043 4042
f 4048 4042 4045
f 2354 2353 4049
f 2354 4049 4046
f 2353 2352 4050
f 2353 4050 4049
f 4051 4052 4049
f 4051 4049 4050
f 4052 4047 4046
f 4052 4046 4049
f 2352 3854 4053
f 2352 4053 4050
f 3854 3853 4054
f 3854 4054 4053
f 4055 4056 4053
f 4055 4053 4054
f 4056 4051 4050
f 4056 4050 4053
f 3853 3850 4057
f 3853 4057 4054
f 3850 3849 4058
f 3850 4058 4057
f 4059 4060 4057
f 4059 4057 4058
f 4060 4055 4054
f 4060 4054 4057
f 3849 3852 4061
f 3849 4061 4058
f 3852 3856 4062
f 3852 4062 4061
f 4063 4064 4061
f 4063 4061 4062
f 4064 4059 4058
f 4064 4058 4061
f 3856 3858 4065
f 3856 4065 4062
f 3858 3860 4066
f 3858 4066 4065
f 4067 4068 4065
f 4067 4065 4066
f 4068 4063 4062
f 4068 4062 4065
f 3860 3862 4069
f 3860 4069 4066
f 3862 3864 4070
f 3862 4070 4069
f 4071 4072 4069
f 4071 4069 4070
f 4072 4067 4066
f 4072 4066 4069
f 3864 3866 4073
f 3864 4073 4070
f 3866 3868 4074
f 3866 4074 4073
f 4075 4076 4073
f 4075 4073 4074
f 4076 4071 4070
f 4076 4070 4073
f 3868 3870 4077
f 3868 4077 4074
f 3870 1685 4078
f 3870 4078 4077
f 4079 4080 4077
f 4079 4077 4078
f 4080 4075 4074
f 4080 4074 4077
f 1685 1684 4081
f 1685 4081 4078
f 1684 1585 4082
f 1684 4082 4081
f 4083 4084 4081
f 4083 4081 4082
f 4084 4079 4078
f 4084 4078 4081
f 1585 1584 4085
f 1585 4085 4082
f 1584 1485 4086
f 1584 4086 4085
f 4087 4088 4085
f 4087 4085 4086
f 4088 4083 4082
f 4088 4082 4085
f 1485 1484 4089
f 1485 4089 4086
f 1484 1385 4090
f 1484 4090 4089
f 4091 4092 4089
f 4091 4089 4090
f 4092 4087 4086
f 4092 4086 4089
f 1385 1384 4093
f 1385 4093 4090
f 1384 1279 4094
f 1384 4094 4093
f 4095 4096 4093
f 4095 4093 4094
f 4096 4091 4090
f 4096 4090 4093
f 1279 1278 4097
f 1279 4097 4094
f 1278 1171 4098
f 1278 4098 4097
f 4099 4100 4097
f 4099 4097 4098
f 4100 4095 4094
f 4100 4094 4097
f 1171 1170 4101
f 1171 4101 4098
f 1170 1071 4102
f 1170 4102 4101
f 4103 4104 4101
f 4103 4101 4102
f 4104 4099 4098
f 4104 4098 4101
f 1071 1070 4105
f 1071 4105 4102
f 1070 971 4106
f 1070 4106 4105
f 4107 4108 4105
f 4107 4105 4106
f 4108 4103 4102
f 4108 4102 4105
f 971 970 4109
f 971 4109 4106
f 970 871 4110
f 970 4110 4109
f 4111 4112 4109
f 4111 4109 4110
f 4112 4107 4106
f 4112 4106 4109
f 871 870 4113
f 871 4113 4110
f 870 771 4114
f 870 4114 4113
f 4115 4116 4113
f 4115 4113 4114
f 4116 4111 4110
f 4116 4110 4113
f 771 770 4117
f 771 4117 4114
f 770 656 4118
f 770 4118 4117
f 4119 4120 4117
f 4119 4117 4118
f 4120 4115 4114
f 4120 4114 4117
f 656 655 4121
f 656 4121 4118
f 655 550 4122
f 655 4122 4121
f 4123 4124 4121
f 4123 4121 4122
f 4124 4119 4118
f 4124 4118 4121
f 550 549 4125
f 550 4125 4122
f 549 432 4126
f 549 4126 4125
f 4127 4128 4125
f 4127 4125 4126
f 4128 4123 4122
f 4128 4122 4125
f 432 431 4129
f 432 4129 4126
f 431 430 4130
f 431 4130 4129
f 4131 4132 4129
f 4131 4129 4130
f 4132 4127 4126
f 4132 4126 4129
f 430 429 4133
f 430 4133 4130
f 429 428 4134
f 429 4134 4133
f 4135 4136 4133
f 4135 4133 4134
f 4136 4131 4130
f 4136 4130 4133
f 428 427 4137
f 428 4137 4134
f 427 328 4138
f 427 4138 4137
f 4139 4140 4137
f 4139 4137 4138
f 4140 4135 4134
f 4140 4134 4137
f 328 327 4141
f 328 4141 4138
f 327 220 3949
f 327 3949 4141
f 3880 4142 4141
f 3880 4141 3949
f 4142 4139 4138
f 4142 4138 4141
f 3880 3952 4143
f 3880 4143 3881
f 3952 3951 4144
f 3952 4144 4143
f 3884 3881 4143
f 3884 4143 4144
f 3951 3956 4145
f 3951 4145 4144
f 3956 3955 4146
f 3956 4146 4145
f 3886 3885 4145
f 3886 4145 4146
f 3885 3884 4144
f 3885 4144 4145
f 3962 3961 4147
f 3962 4147 4148
f 3961 3960 4149
f 3961 4149 4147
f 3889 4150 4147
f 3889 4147 4149
f 4150 4151 4148
f 4150 4148 4147
f 3960 3966 4152
f 3960 4152 4149
f 3966 3965 4153
f 3966 4153 4152
f 3893 3890 4152
f 3893 4152 4153
f 3890 3889 4149
f 3890 4149 4152
f 3965 3970 4154
f 3965 4154 4153
f 3970 3969 4155
f 3970 4155 4154
f 3901 3900 4154
f 3901 4154 4155
f 3900 3893 4153
f 3900 4153 4154
f 3969 3974 4156
f 3969 4156 4155
f 3974 3973 4157
f 3974 4157 4156
f 3907 3906 4156
f 3907 4156 4157
f 3906 3901 4155
f 3906 4155 4156
f 3973 3978 4158
f 3973 4158 4157
f 3978 3977 4159
f 3978 4159 4158
f 3662 3912 4158
f 3662 4158 4159
f 3912 3907 4157
f 3912 4157 4158
f 3977 3982 4160
f 3977 4160 4159
f 3982 3981 4161
f 3982 4161 4160
f 3658 3660 4160
f 3658 4160 4161
f 3660 3662 4159
f 3660 4159 4160
f 3981 3986 4162
f 3981 4162 4161
f 3986 3985 4163
f 3986 4163 4162
f 3652 3654 4162
f 3652 4162 4163
f 3654 3658 4161
f 3654 4161 4162
f 3985 3990 4164
f 3985 4164 4163
f 3990 3989 4165
f 3990 4165 4164
f 3646 3648 4164
f 3646 4164 4165
f 3648 3652 4163
f 3648 4163 4164
f 3989 3994 4166
f 3989 4166 4165
f 3994 3993 4167
f 3994 4167 4166
f 3640 3642 4166
f 3640 4166 4167
f 3642 3646 4165
f 3642 4165 4166
f 3993 3998 4168
f 3993 4168 4167
f 3998 3997 4169
f 3998 4169 4168
f 3160 3636 4168
f 3160 4168 4169
f 3636 3640 4167
f 3636 4167 4168
f 3997 4002 4170
f 3997 4170 4169
f 4002 4001 4171
f 4002 4171 4170
f 3154 3161 4170
f 3154 4170 4171
f 3161 3160 4169
f 3161 4169 4170
f 4001 4006 4172
f 4001 4172 4171
f 4006 4005 4173
f 4006 4173 4172
f 3148 3155 4172
f 3148 4172 4173
f 3155 3154 4171
f 3155 4171 4172
f 4005 4010 4174
f 4005 4174 4173
f 4010 4009 4175
f 4010 4175 4174
f 3142 3149 4174
f 3142 4174 4175
f 3149 3148 4173
f 3149 4173 4174
f 4009 4014 4176
f 4009 4176 4175
f 4014 4013 4177
f 4014 4177 4176
f 3137 3143 4176
f 3137 4176 4177
f 3143 3142 4175
f 3143 4175 4176
f 4013 4018 4178
f 4013 4178 4177
f 4018 4017 4179
f 4018 4179 4178
f 1787 3135 4178
f 1787 4178 4179
f 3135 3137 4177
f 3135 4177 4178
f 4017 4022 4180
f 4017 4180 4179
f 4022 4021 4181
f 4022 4181 4180
f 1889 1888 4180
f 1889 4180 4181
f 1888 1787 4179
f 1888 4179 4180
f 4021 4026 4182
f 4021 4182 4181
f 4026 4025 4183
f 4026 4183 4182
f 2020 2019 4182
f 2020 4182 4183
f 2019 1889 4181
f 2019 4181 4182
f 4025 4030 4184
f 4025 4184 4183
f 4030 4029 4185
f 4030 4185 4184
f 2130 2129 4184
f 2130 4184 4185
f 2129 2020 4183
f 2129 4183 4184
f 4029 4034 4186
f 4029 4186 4185
f 4034 4033 4187
f 4034 4187 4186
f 3941 3940 4186
f 3941 4186 4187
f 3940 2130 4185
f 3940 4185 4186
f 4040 4039 4188
f 4040 4188 4189
f 4039 4038 4190
f 4039 4190 4188
f 3875 4191 4188
f 3875 4188 4190
f 4191 4192 4189
f 4191 4189 4188
f 4038 4044 4193
f 4038 4193 4190
f 4044 4043 4194
f 4044 4194 4193
f 3877 3876 4193
f 3877 4193 4194
f 3876 3875 4190
f 3876 4190 4193
f 4043 4048 4195
f 4043 4195 4194
f 4048 4047 4196
f 4048 4196 4195
f 3879 3878 4195
f 3879 4195 4196
f 3878 3877 4194
f 3878 4194 4195
f 4047 4052 4197
f 4047 4197 4196
f 4052 4051 4198
f 4052 4198 4197
f 3871 3874 4197
f 3871 4197 4198
f 3874 3879 4196
f 3874 4196 4197
f 4051 4056 4199
f 4051 4199 4198
f 4056 4055 4200
f 4056 4200 4199
f 4201 4202 4199
f 4201 4199 4200
f 4202 3871 4198
f 4202 4198 4199
f 4055 4060 4203
f 4055 4203 4200
f 4060 4059 4204
f 4060 4204 4203
f 3936 4205 4203
f 3936 4203 4204
f 4205 4201 4200
f 4205 4200 4203
f 4059 4064 4206
f 4059 4206 4204
f 4064 4063 4207
f 4064 4207 4206
f 2132 3937 4206
f 2132 4206 4207
f 3937 3936 4204
f 3937 4204 4206
f 4063 4068 4208
f 4063 4208 4207
f 4068 4067 4209
f 4068 4209 4208
f 2022 2128 4208
f 2022 4208 4209
f 2128 2132 4207
f 2128 4207 4208
f 4067 4072 4210
f 4067 4210 4209
f 4072 4071 4211
f 4072 4211 4210
f 1891 2018 4210
f 1891 4210 4211
f 2018 2022 4209
f 2018 4209 4210
f 4071 4076 4212
f 4071 4212 4211
f 4076 4075 4213
f 4076 4213 4212
f 1789 1887 4212
f 1789 4212 4213
f 1887 1891 4211
f 1887 4211 4212
f 4075 4080 4214
f 4075 4214 4213
f 4080 4079 4215
f 4080 4215 4214
f 1783 1786 4214
f 1783 4214 4215
f 1786 1789 4213
f 1786 4213 4214
f 4079 4084 4216
f 4079 4216 4215
f 4084 4083 4217
f 4084 4217 4216
f 3140 3138 4216
f 3140 4216 4217
f 3138 1783 4215
f 3138 4215 4216
f 4083 4088 4218
f 4083 4218 4217
f 4088 4087 4219
f 4088 4219 4218
f 3146 3144 4218
f 3146 4218 4219
f 3144 3140 4217
f 3144 4217 4218
f 4087 4092 4220
f 4087 4220 4219
f 4092 4091 4221
f 4092 4221 4220
f 3152 3150 4220
f 3152 4220 4221
f 3150 3146 4219
f 3150 4219 4220
f 4091 4096 4222
f 4091 4222 4221
f 4096 4095 4223
f 4096 4223 4222
f 3158 3156 4222
f 3158 4222 4223
f 3156 3152 4221
f 3156 4221 4222
f 4095 4100 4224
f 4095 4224 4223
f 4100 4099 4225
f 4100 4225 4224
f 3638 3637 4224
f 3638 4224 4225
f 3637 3158 4223
f 3637 4223 4224
f 4099 4104 4226
f 4099 4226 4225
f 4104 4103 4227
f 4104 4227 4226
f 3644 3643 4226
f 3644 4226 4227
f 3643 3638 4225
f 3643 4225 4226
f 4103 4108 4228
f 4103 4228 4227
f 4108 4107 4229
f 4108 4229 4228
f 3650 3649 4228
f 3650 4228 4229
f 3649 3644 4227
f 3649 4227 4228
f 4107 4112 4230
f 4107 4230 4229
f 4112 4111 4231
f 4112 4231 4230
f 3656 3655 4230
f 3656 4230 4231
f 3655 3650 4229
f 3655 4229 4230
f 4111 4116 4232
f 4111 4232 4231
f 4116 4115 4233
f 4116 4233 4232
f 3914 3916 4232
f 3914 4232 4233
f 3916 3656 4231
f 3916 4231 4232
f 4115 4120 4234
f 4115 4234 4233
f 4120 4119 4235
f 4120 4235 4234
f 3909 3911 4234
f 3909 4234 4235
f 3911 3914 4233
f 3911 4233 4234
f 4119 4124 4236
f 4119 4236 4235
f 4124 4123 4237
f 4124 4237 4236
f 3903 3905 4236
f 3903 4236 4237
f 3905 3909 4235
f 3905 4235 4236
f 4123 4128 4238
f 4123 4238 4237
f 4128 4127 4239
f 4128 4239 4238
f 3895 3899 4238
f 3895 4238 4239
f 3899 3903 4237
f 3899 4237 4238
f 4127 4132 4240
f 4127 4240 4239
f 4132 4131 4241
f 4132 4241 4240
f 3897 3896 4240
f 3897 4240 4241
f 3896 3895 4239
f 3896 4239 4240
f 4131 4136 4242
f 4131 4242 4241
f 4136 4135 4243
f 4136 4243 4242
f 4244 4245 4242
f 4244 4242 4243
f 4245 3897 4241
f 4245 4241 4242
f 4135 4140 4246
f 4135 4246 4243
f 4140 4139 4247
f 4140 4247 4246
f 3888 4248 4246
f 3888 4246 4247
f 4248 4244 4243
f 4248 4243 4246
f 4139 4142 4249
f 4139 4249 4247
f 4142 3880 3883
f 4142 3883 4249
f 3888 4247 4249
f 3888 4249 3883
f 3875 3872 4250
f 3875 4250 4251
f 3872 3871 4252
f 3872 4252 4250
f 4253 4254 4250
f 4253 4250 4252
f 4254 4255 4251
f 4254 4251 4250
f 3871 4202 4256
f 3871 4256 4252
f 4202 4201 4257
f 4202 4257 4256
f 4258 4259 4256
f 4258 4256 4257
f 4259 4253 4252
f 4259 4252 4256
f 4201 4205 4260
f 4201 4260 4257
f 4205 3936 4261
f 4205 4261 4260
f 4262 4263 4260
f 4262 4260 4261
f 4263 4258 4257
f 4263 4257 4260
f 3936 3939 4264
f 3936 4264 4261
f 3939 3941 4265
f 3939 4265 4264
f 4266 4267 4264
f 4266 4264 4265
f 4267 4262 4261
f 4267 4261 4264
f 4192 4191 4268
f 4192 4268 4269
f 4191 3875 4251
f 4191 4251 4268
f 4255 4270 4268
f 4255 4268 4251
f 4270 4271 4269
f 4270 4269 4268
f 3888 3887 4272
f 3888 4272 4273
f 3887 3886 4274
f 3887 4274 4272
f 4275 4276 4272
f 4275 4272 4274
f 4276 4277 4273
f 4276 4273 4272
f 4151 4150 4278
f 4151 4278 4279
f 4150 3889 4280
f 4150 4280 4278
f 4281 4282 4278
f 4281 4278 4280
f 4282 4283 4279
f 4282 4279 4278
f 3889 3892 4284
f 3889 4284 4280
f 3892 3897 4285
f 3892 4285 4284
f 4286 4287 4284
f 4286 4284 4285
f 4287 4281 4280
f 4287 4280 4284
f 3897 4245 4288
f 3897 4288 4285
f 4245 4244 4289
f 4245 4289 4288
f 4290 4291 4288
f 4290 4288 4289
f 4291 4286 4285
f 4291 4285 4288
f 4244 4248 4292
f 4244 4292 4289
f 4248 3888 4273
f 4248 4273 4292
f 4277 4293 4292
f 4277 4292 4273
f 4293 4290 4289
f 4293 4289 4292
f 4271 4294 4295
f 4271 4295 4269
f 4294 4266 4265
f 4294 4265 4295
f 3941 4296 4295
f 3941 4295 4265
f 4296 4192 4269
f 4296 4269 4295
f 4192 4296 4297
f 4192 4297 4189
f 4296 3941 4187
f 4296 4187 4297
f 4033 4298 4297
f 4033 4297 4187
f 4298 4040 4189
f 4298 4189 4297
f 4040 4298 4299
f 4040 4299 4036
f 4298 4033 4032
f 4298 4032 4299
f 3942 4300 4299
f 3942 4299 4032
f 4300 3703 4036
f 4300 4036 4299
f 3703 4300 4301
f 3703 4301 3704
f 4300 3942 3945
f 4300 3945 4301
f 3947 4302 4301
f 3947 4301 3945
f 4302 3705 3704
f 4302 3704 4301
f 3705 4302 4303
f 3705 4303 3807
f 4302 3947 4304
f 4302 4304 4303
f 3109 3108 4303
f 3109 4303 4304
f 3108 3107 3807
f 3108 3807 4303
f 3947 3946 4305
f 3947 4305 4304
f 3946 3715 3809
f 3946 3809 4305
f 3111 3110 4305
f 3111 4305 3809
f 3110 3109 4304
f 3110 4304 4305
f 3725 3935 4306
f 3725 4306 3814
f 3935 3934 4307
f 3935 4307 4306
f 3218 3217 4306
f 3218 4306 4307
f 3217 3216 3814
f 3217 3814 4306
f 4283 4308 4309
f 4283 4309 4279
f 4308 4275 4274
f 4308 4274 4309
f 3886 4310 4309
f 3886 4309 4274
f 4310 4151 4279
f 4310 4279 4309
f 4151 4310 4311
f 4151 4311 4148
f 4310 3886 4146
f 4310 4146 4311
f 3955 4312 4311
f 3955 4311 4146
f 4312 3962 4148
f 4312 4148 4311
f 3962 4312 4313
f 3962 4313 3958
f 4312 3955 3954
f 4312 3954 4313
f 335 4314 4313
f 335 4313 3954
f 4314 3932 3958
f 4314 3958 4313
f 3932 4314 4315
f 3932 4315 3933
f 4314 335 3729
f 4314 3729 4315
f 3731 4316 4315
f 3731 4315 3729
f 4316 3934 3933
f 4316 3933 4315
f 3934 4316 4317
f 3934 4317 4307
f 4316 3731 3816
f 4316 3816 4317
f 3220 3219 4317
f 3220 4317 3816
f 3219 3218 4307
f 3219 4307 4317
f 4255 4254 4318
f 4255 4318 4319
f 4254 4253 4320
f 4254 4320 4318
f 2247 2246 4318
f 2247 4318 4320
f 2246 2245 4319
f 2246 4319 4318
f 4253 4259 4321
f 4253 4321 4320
f 4259 4258 4322
f 4259 4322 4321
f 2235 2238 4321
f 2235 4321 4322
f 2238 2247 4320
f 2238 4320 4321
f 4258 4263 4323
f 4258 4323 4322
f 4263 4262 4324
f 4263 4324 4323
f 2239 2236 4323
f 2239 4323 4324
f 2236 2235 4322
f 2236 4322 4323
f 4262 4267 4325
f 4262 4325 4324
f 4267 4266 4326
f 4267 4326 4325
f 2241 2240 4325
f 2241 4325 4326
f 2240 2239 4324
f 2240 4324 4325
f 4266 4294 4327
f 4266 4327 4326
f 4294 4271 4328
f 4294 4328 4327
f 2243 2242 4327
f 2243 4327 4328
f 2242 2241 4326
f 2242 4326 4327
f 4271 4270 4329
f 4271 4329 4328
f 4270 4255 4319
f 4270 4319 4329
f 2245 2244 4329
f 2245 4329 4319
f 2244 2243 4328
f 2244 4328 4329
f 4277 4276 4330
f 4277 4330 4331
f 4276 4275 4332
f 4276 4332 4330
f 3925 3924 4330
f 3925 4330 4332
f 3924 3923 4331
f 3924 4331 4330
f 4275 4308 4333
f 4275 4333 4332
f 4308 4283 4334
f 4308 4334 4333
f 3927 3926 4333
f 3927 4333 4334
f 3926 3925 4332
f 3926 4332 4333
f 4283 4282 4335
f 4283 4335 4334
f 4282 4281 4336
f 4282 4336 4335
f 3929 3928 4335
f 3929 4335 4336
f 3928 3927 4334
f 3928 4334 4335
f 4281 4287 4337
f 4281 4337 4336
f 4287 4286 4338
f 4287 4338 4337
f 3917 3920 4337
f 3917 4337 4338
f 3920 3929 4336
f 3920 4336 4337
f 4286 4291 4339
f 4286 4339 4338
f 4291 4290 4340
f 4291 4340 4339
f 3921 3918 4339
f 3921 4339 4340
f 3918 3917 4338
f 3918 4338 4339
f 4290 4293 4341
f 4290 4341 4340
f 4293 4277 4331
f 4293 4331 4341
f 3923 3922 4341
f 3923 4341 4331
f 3922 3921 4340
f 3922 4340 4341
f 513 510 4342
f 513 4342 4343
f 510 393 392
f 510 392 4342
f 289 4344 4342
f 289 4342 392
f 4344 4345 4343
f 4344 4343 4342
f 4345 4344 4346
f 4345 4346 4347
f 4344 289 288
f 4344 288 4346
f 287 4348 4346
f 287 4346 288
f 4348 4349 4347
f 4348 4347 4346
f 4349 4348 4350
f 4349 4350 4351
f 4348 287 4352
f 4348 4352 4350
f 4353 4351 4350
f 4353 4350 4352
f 4353 4352 4354
f 4353 4354 4355
f 4352 287 284
f 4352 284 4354
f 283 4356 4354
f 283 4354 284
f 4356 4357 4358
f 4356 4358 4354
f 4359 4360 4354
f 4359 4354 4358
f 4360 4361 4355
f 4360 4355 4354
f 4362 4363 4364
f 4362 4364 4365
f 4363 4366 4367
f 4363 4367 4364
f 4368 4365 4364
f 4368 4364 4367
f 4369 4370 4371
f 4369 4371 4372
f 4370 35 4373
f 4370 4373 4371
f 2519 2523 4371
f 2519 4371 4373
f 2523 2522 4372
f 2523 4372 4371
f 2519 4373 4374
f 2519 4374 2517
f 4373 35 32
f 4373 32 4374
f 31 4375 4374
f 31 4374 32
f 4375 4376 4377
f 4375 4377 4374
f 2423 2517 4374
f 2423 4374 4377
f 4378 4379 4380
f 4378 4380 4381
f 4379 4382 4383
f 4379 4383 4380
f 4384 4381 4380
f 4384 4380 4383
f 2102 2101 4385
f 2102 4385 2205
f 2101 2100 3548
f 2101 3548 4385
f 3547 4386 4385
f 3547 4385 3548
f 4386 2208 2205
f 4386 2205 4385
f 2208 4386 4387
f 2208 4387 2324
f 4386 3547 3551
f 4386 3551 4387
f 2439 2436 4387
f 2439 4387 3551
f 2436 2435 4388
f 2436 4388 4387
f 2325 2324 4387
f 2325 4387 4388
f 2325 4388 4389
f 2325 4389 4390
f 4388 2435 4391
f 4388 4391 4389
f 4392 4390 4389
f 4392 4389 4391
f 4392 4391 4393
f 4392 4393 4394
f 4391 2435 2438
f 4391 2438 4393
f 2443 2525 4393
f 2443 4393 2438
f 2525 2524 4395
f 2525 4395 4393
f 4396 4394 4393
f 4396 4393 4395
f 4396 4395 4397
f 4396 4397 4398
f 4395 2524 4399
f 4395 4399 4397
f 4400 4398 4397
f 4400 4397 4399
f 4400 4399 4401
f 4400 4401 4402
f 4399 2524 2527
f 4399 2527 4401
f 44 41 4401
f 44 4401 2527
f 41 40 4403
f 41 4403 4401
f 4404 4402 4401
f 4404 4401 4403
f 2522 4405 4406
f 2522 4406 4372
f 4405 4407 4408
f 4405 4408 4406
f 4369 4372 4406
f 4369 4406 4408
f 4369 4408 4409
f 4369 4409 4410
f 4408 4407 4411
f 4408 4411 4409
f 4361 4360 4409
f 4361 4409 4411
f 4360 4359 4412
f 4360 4412 4409
f 37 4410 4409
f 37 4409 4412
f 37 4412 4413
f 37 4413 38
f 4412 4359 4414
f 4412 4414 4413
f 4415 4416 4413
f 4415 4413 4414
f 4416 39 38
f 4416 38 4413
f 4415 4414 4417
f 4415 4417 4418
f 4414 4359 4358
f 4414 4358 4417
f 4357 4418 4417
f 4357 4417 4358
f 506 504 4419
f 506 4419 4420
f 504 387 386
f 504 386 4419
f 280 4421 4419
f 280 4419 386
f 4421 4422 4420
f 4421 4420 4419
f 4422 4421 4423
f 4422 4423 4424
f 4421 280 279
f 4421 279 4423
f 278 4425 4423
f 278 4423 279
f 4425 4426 4424
f 4425 4424 4423
f 4426 4425 4427
f 4426 4427 4428
f 4425 278 4429
f 4425 4429 4427
f 4430 4428 4427
f 4430 4427 4429
f 4430 4429 4431
f 4430 4431 4432
f 4429 278 275
f 4429 275 4431
f 274 4433 4431
f 274 4431 275
f 4433 4434 4435
f 4433 4435 4431
f 4436 4432 4431
f 4436 4431 4435
f 4415 4437 4438
f 4415 4438 4416
f 4437 175 4439
f 4437 4439 4438
f 39 4416 4438
f 39 4438 4439
f 39 4439 4440
f 39 4440 34
f 4439 175 172
f 4439 172 4440
f 171 4441 4440
f 171 4440 172
f 4441 31 34
f 4441 34 4440
f 31 2515 4442
f 31 4442 4375
f 2515 2414 4443
f 2515 4443 4442
f 4376 4375 4442
f 4376 4442 4443
f 4376 4443 4444
f 4376 4444 4445
f 4443 2414 2413
f 4443 2413 4444
f 2412 4446 4444
f 2412 4444 2413
f 4446 4447 4445
f 4446 4445 4444
f 4384 4448 4449
f 4384 4449 4450
f 4448 2305 2309
f 4448 2309 4449
f 2308 4451 4449
f 2308 4449 2309
f 4451 4452 4450
f 4451 4450 4449
f 4452 4451 4453
f 4452 4453 4454
f 4451 2308 4455
f 4451 4455 4453
f 4456 4454 4453
f 4456 4453 4455
f 4456 4455 4457
f 4456 4457 4458
f 4455 2308 2307
f 4455 2307 4457
f 2193 4459 4457
f 2193 4457 2307
f 4459 4460 4458
f 4459 4458 4457
f 4460 4459 4461
f 4460 4461 4462
f 4459 2193 2192
f 4459 2192 4461
f 2085 2090 4461
f 2085 4461 2192
f 2090 2089 4462
f 2090 4462 4461
f 274 277 4463
f 274 4463 4464
f 277 282 4465
f 277 4465 4463
f 4466 4464 4463
f 4466 4463 4465
f 4466 4465 4467
f 4466 4467 4468
f 4465 282 385
f 4465 385 4467
f 389 4469 4467
f 389 4467 385
f 4469 4470 4468
f 4469 4468 4467
f 4470 4469 4471
f 4470 4471 4472
f 4469 389 499
f 4469 499 4471
f 503 4473 4471
f 503 4471 499
f 4473 4474 4472
f 4473 4472 4471
f 4474 4473 4475
f 4474 4475 4476
f 4473 503 609
f 4473 609 4475
f 613 3580 4475
f 613 4475 609
f 3580 3579 4476
f 3580 4476 4475
f 31 4441 4477
f 31 4477 4478
f 4441 171 4479
f 4441 4479 4477
f 4480 4478 4477
f 4480 4477 4479
f 4480 4479 4481
f 4480 4481 4482
f 4479 171 174
f 4479 174 4481
f 177 4483 4481
f 177 4481 174
f 4483 4484 4482
f 4483 4482 4481
f 4484 4483 4485
f 4484 4485 4486
f 4483 177 4487
f 4483 4487 4485
f 4488 4489 4485
f 4488 4485 4487
f 4489 4490 4486
f 4489 4486 4485
f 4490 4489 4491
f 4490 4491 4492
f 4489 4488 4493
f 4489 4493 4491
f 493 490 4491
f 493 4491 4493
f 490 489 4494
f 490 4494 4491
f 4495 4492 4491
f 4495 4491 4494
f 4495 4494 4496
f 4495 4496 4497
f 4494 489 4498
f 4494 4498 4496
f 4499 4497 4496
f 4499 4496 4498
f 4499 4498 4500
f 4499 4500 4501
f 4498 489 492
f 4498 492 4500
f 497 4502 4500
f 497 4500 492
f 4502 4503 4501
f 4502 4501 4500
f 4503 4502 4504
f 4503 4504 4505
f 4502 497 605
f 4502 605 4504
f 607 4506 4504
f 607 4504 605
f 4506 4507 4505
f 4506 4505 4504
f 2412 2409 4508
f 2412 4508 4509
f 2409 2408 4510
f 2409 4510 4508
f 4511 4512 4508
f 4511 4508 4510
f 4512 4513 4509
f 4512 4509 4508
f 4513 4512 4514
f 4513 4514 4515
f 4512 4511 4516
f 4512 4516 4514
f 2184 2183 4514
f 2184 4514 4516
f 2183 2074 4517
f 2183 4517 4514
f 4518 4515 4514
f 4518 4514 4517
f 4518 4517 4519
f 4518 4519 4520
f 4517 2074 2073
f 4517 2073 4519
f 1951 4520 4519
f 1951 4519 2073
f 27 25 4521
f 27 4521 4522
f 25 21 2512
f 25 2512 4521
f 2406 4523 4521
f 2406 4521 2512
f 4523 4524 4522
f 4523 4522 4521
f 4524 4523 4525
f 4524 4525 4526
f 4523 2406 2405
f 4523 2405 4525
f 2300 4527 4525
f 2300 4525 2405
f 4527 4528 4526
f 4527 4526 4525
f 4528 4527 4529
f 4528 4529 4530
f 4527 2300 2299
f 4527 2299 4529
f 2298 4531 4529
f 2298 4529 2299
f 4531 4532 4530
f 4531 4530 4529
f 4532 4531 4533
f 4532 4533 4534
f 4531 2298 4535
f 4531 4535 4533
f 4536 4534 4533
f 4536 4533 4535
f 4536 4535 4537
f 4536 4537 4538
f 4535 2298 2296
f 4535 2296 4537
f 2178 2177 4537
f 2178 4537 2296
f 2177 2068 4539
f 2177 4539 4537
f 4540 4538 4537
f 4540 4537 4539
f 4540 4539 4541
f 4540 4541 4542
f 4539 2068 2067
f 4539 2067 4541
f 1940 4543 4541
f 1940 4541 2067
f 4543 4544 4542
f 4543 4542 4541
f 4544 4543 4545
f 4544 4545 4546
f 4543 1940 1939
f 4543 1939 4545
f 1938 4547 4545
f 1938 4545 1939
f 4547 4548 4546
f 4547 4546 4545
f 4548 4547 4549
f 4548 4549 4550
f 4547 1938 3529
f 4547 3529 4549
f 3528 4550 4549
f 3528 4549 3529
f 4366 4363 4551
f 4366 4551 4552
f 4363 4362 4553
f 4363 4553 4551
f 37 36 4551
f 37 4551 4553
f 36 35 4552
f 36 4552 4551
f 4362 4365 4554
f 4362 4554 4553
f 4365 4368 4555
f 4365 4555 4554
f 4369 4410 4554
f 4369 4554 4555
f 4410 37 4553
f 4410 4553 4554
f 4368 4367 4556
f 4368 4556 4555
f 4367 4366 4552
f 4367 4552 4556
f 35 4370 4556
f 35 4556 4552
f 4370 4369 4555
f 4370 4555 4556
f 508 507 4557
f 508 4557 4558
f 507 506 4559
f 507 4559 4557
f 393 512 4557
f 393 4557 4559
f 512 517 4558
f 512 4558 4557
f 506 4420 4560
f 506 4560 4559
f 4420 4422 4561
f 4420 4561 4560
f 291 391 4560
f 291 4560 4561
f 391 393 4559
f 391 4559 4560
f 4422 4424 4562
f 4422 4562 4561
f 4424 4426 4563
f 4424 4563 4562
f 283 286 4562
f 283 4562 4563
f 286 291 4561
f 286 4561 4562
f 4426 4428 4564
f 4426 4564 4563
f 4428 4430 4565
f 4428 4565 4564
f 4357 4356 4564
f 4357 4564 4565
f 4356 283 4563
f 4356 4563 4564
f 4430 4432 4566
f 4430 4566 4565
f 4432 4436 4567
f 4432 4567 4566
f 4415 4418 4566
f 4415 4566 4567
f 4418 4357 4565
f 4418 4565 4566
f 4436 4435 4568
f 4436 4568 4567
f 4435 4434 4569
f 4435 4569 4568
f 175 4437 4568
f 175 4568 4569
f 4437 4415 4567
f 4437 4567 4568
f 4434 4433 4570
f 4434 4570 4569
f 4433 274 4571
f 4433 4571 4570
f 177 176 4570
f 177 4570 4571
f 176 175 4569
f 176 4569 4570
f 274 4464 4572
f 274 4572 4571
f 4464 4466 4573
f 4464 4573 4572
f 4488 4487 4572
f 4488 4572 4573
f 4487 177 4571
f 4487 4571 4572
f 4466 4468 4574
f 4466 4574 4573
f 4468 4470 4575
f 4468 4575 4574
f 493 4493 4574
f 493 4574 4575
f 4493 4488 4573
f 4493 4573 4574
f 4470 4472 4576
f 4470 4576 4575
f 4472 4474 4577
f 4472 4577 4576
f 495 494 4576
f 495 4576 4577
f 494 493 4575
f 494 4575 4576
f 4474 4476 4578
f 4474 4578 4577
f 4476 3579 4579
f 4476 4579 4578
f 607 606 4578
f 607 4578 4579
f 606 495 4577
f 606 4577 4578
f 3579 3583 4580
f 3579 4580 4579
f 3583 602 4581
f 3583 4581 4580
f 4507 4506 4580
f 4507 4580 4581
f 4506 607 4579
f 4506 4579 4580
f 602 601 4582
f 602 4582 4581
f 601 487 4583
f 601 4583 4582
f 4503 4505 4582
f 4503 4582 4583
f 4505 4507 4581
f 4505 4581 4582
f 487 486 4584
f 487 4584 4583
f 486 380 4585
f 486 4585 4584
f 4499 4501 4584
f 4499 4584 4585
f 4501 4503 4583
f 4501 4583 4584
f 380 379 4586
f 380 4586 4585
f 379 378 4587
f 379 4587 4586
f 4495 4497 4586
f 4495 4586 4587
f 4497 4499 4585
f 4497 4585 4586
f 378 383 4588
f 378 4588 4587
f 383 272 4589
f 383 4589 4588
f 4490 4492 4588
f 4490 4588 4589
f 4492 4495 4587
f 4492 4587 4588
f 272 271 4590
f 272 4590 4589
f 271 169 4591
f 271 4591 4590
f 4484 4486 4590
f 4484 4590 4591
f 4486 4490 4589
f 4486 4589 4590
f 169 168 4592
f 169 4592 4591
f 168 29 4593
f 168 4593 4592
f 4480 4482 4592
f 4480 4592 4593
f 4482 4484 4591
f 4482 4591 4592
f 29 28 4594
f 29 4594 4593
f 28 27 4595
f 28 4595 4594
f 31 4478 4594
f 31 4594 4595
f 4478 4480 4593
f 4478 4593 4594
f 27 4522 4596
f 27 4596 4595
f 4522 4524 4597
f 4522 4597 4596
f 2416 2514 4596
f 2416 4596 4597
f 2514 31 4595
f 2514 4595 4596
f 4524 4526 4598
f 4524 4598 4597
f 4526 4528 4599
f 4526 4599 4598
f 2408 2411 4598
f 2408 4598 4599
f 2411 2416 4597
f 2411 4597 4598
f 4528 4530 4600
f 4528 4600 4599
f 4530 4532 4601
f 4530 4601 4600
f 4511 4510 4600
f 4511 4600 4601
f 4510 2408 4599
f 4510 4599 4600
f 4532 4534 4602
f 4532 4602 4601
f 4534 4536 4603
f 4534 4603 4602
f 2184 4516 4602
f 2184 4602 4603
f 4516 4511 4601
f 4516 4601 4602
f 4536 4538 4604
f 4536 4604 4603
f 4538 4540 4605
f 4538 4605 4604
f 2076 2182 4604
f 2076 4604 4605
f 2182 2184 4603
f 2182 4603 4604
f 4540 4542 4606
f 4540 4606 4605
f 4542 4544 4607
f 4542 4607 4606
f 1953 2072 4606
f 1953 4606 4607
f 2072 2076 4605
f 2072 4605 4606
f 4544 4546 4608
f 4544 4608 4607
f 4546 4548 4609
f 4546 4609 4608
f 1943 1946 4608
f 1943 4608 4609
f 1946 1953 4607
f 1946 4607 4608
f 4548 4550 4610
f 4548 4610 4609
f 4550 3528 4611
f 4550 4611 4610
f 1947 1944 4610
f 1947 4610 4611
f 1944 1943 4609
f 1944 4609 4610
f 3528 3527 4612
f 3528 4612 4611
f 3527 1954 4613
f 3527 4613 4612
f 1949 1948 4612
f 1949 4612 4613
f 1948 1947 4611
f 1948 4611 4612
f 1954 1957 4614
f 1954 4614 4613
f 1957 1962 4615
f 1957 4615 4614
f 1951 1950 4614
f 1951 4614 4615
f 1950 1949 4613
f 1950 4613 4614
f 1962 2078 4616
f 1962 4616 4615
f 2078 2082 4617
f 2078 4617 4616
f 4518 4520 4616
f 4518 4616 4617
f 4520 1951 4615
f 4520 4615 4616
f 2082 2186 4618
f 2082 4618 4617
f 2186 2190 4619
f 2186 4619 4618
f 4513 4515 4618
f 4513 4618 4619
f 4515 4518 4617
f 4515 4617 4618
f 2190 2303 4620
f 2190 4620 4619
f 2303 2305 4621
f 2303 4621 4620
f 2412 4509 4620
f 2412 4620 4621
f 4509 4513 4619
f 4509 4619 4620
f 2305 4448 4622
f 2305 4622 4621
f 4448 4384 4623
f 4448 4623 4622
f 4447 4446 4622
f 4447 4622 4623
f 4446 2412 4621
f 4446 4621 4622
f 4384 4383 4624
f 4384 4624 4623
f 4383 4382 4625
f 4383 4625 4624
f 4376 4445 4624
f 4376 4624 4625
f 4445 4447 4623
f 4445 4623 4624
f 4382 4379 4626
f 4382 4626 4625
f 4379 4378 4627
f 4379 4627 4626
f 2423 4377 4626
f 2423 4626 4627
f 4377 4376 4625
f 4377 4625 4626
f 4378 4381 4628
f 4378 4628 4627
f 4381 4384 4629
f 4381 4629 4628
f 2425 2424 4628
f 2425 4628 4629
f 2424 2423 4627
f 2424 4627 4628
f 4384 4450 4630
f 4384 4630 4629
f 4450 4452 4631
f 4450 4631 4630
f 2417 2420 4630
f 2417 4630 4631
f 2420 2425 4629
f 2420 4629 4630
f 4452 4454 4632
f 4452 4632 4631
f 4454 4456 4633
f 4454 4633 4632
f 2315 2427 4632
f 2315 4632 4633
f 2427 2417 4631
f 2427 4631 4632
f 4456 4458 4634
f 4456 4634 4633
f 4458 4460 4635
f 4458 4635 4634
f 2200 2311 4634
f 2200 4634 4635
f 2311 2315 4633
f 2311 4633 4634
f 4460 4462 4636
f 4460 4636 4635
f 4462 2089 4637
f 4462 4637 4636
f 2096 2197 4636
f 2096 4636 4637
f 2197 2200 4635
f 2197 4635 4636
f 2089 2088 4638
f 2089 4638 4637
f 2088 1973 4639
f 2088 4639 4638
f 1983 2092 4638
f 1983 4638 4639
f 2092 2096 4637
f 2092 4637 4638
f 1973 1972 4640
f 1973 4640 4639
f 1972 1971 4641
f 1972 4641 4640
f 1975 1978 4640
f 1975 4640 4641
f 1978 1983 4639
f 1978 4639 4640
f 1971 3538 4642
f 1971 4642 4641
f 3538 1984 4643
f 3538 4643 4642
f 1979 1976 4642
f 1979 4642 4643
f 1976 1975 4641
f 1976 4641 4642
f 1984 1987 4644
f 1984 4644 4643
f 1987 1992 4645
f 1987 4645 4644
f 1981 1980 4644
f 1981 4644 4645
f 1980 1979 4643
f 1980 4643 4644
f 1992 2098 4646
f 1992 4646 4645
f 2098 2102 4647
f 2098 4647 4646
f 2094 2093 4646
f 2094 4646 4647
f 2093 1981 4645
f 2093 4645 4646
f 2102 2207 4648
f 2102 4648 4647
f 2207 2210 4649
f 2207 4649 4648
f 2203 2202 4648
f 2203 4648 4649
f 2202 2094 4647
f 2202 4647 4648
f 2210 2323 4650
f 2210 4650 4649
f 2323 2325 4651
f 2323 4651 4650
f 2318 2317 4650
f 2318 4650 4651
f 2317 2203 4649
f 2317 4649 4650
f 2325 4390 4652
f 2325 4652 4651
f 4390 4392 4653
f 4390 4653 4652
f 2320 2319 4652
f 2320 4652 4653
f 2319 2318 4651
f 2319 4651 4652
f 4392 4394 4654
f 4392 4654 4653
f 4394 4396 4655
f 4394 4655 4654
f 2429 2434 4654
f 2429 4654 4655
f 2434 2320 4653
f 2434 4653 4654
f 4396 4398 4656
f 4396 4656 4655
f 4398 4400 4657
f 4398 4657 4656
f 2431 2430 4656
f 2431 4656 4657
f 2430 2429 4655
f 2430 4655 4656
f 4400 4402 4658
f 4400 4658 4657
f 4402 4404 4659
f 4402 4659 4658
f 2522 2521 4658
f 2522 4658 4659
f 2521 2431 4657
f 2521 4657 4658
f 4404 4403 4660
f 4404 4660 4659
f 4403 40 4661
f 4403 4661 4660
f 4407 4405 4660
f 4407 4660 4661
f 4405 2522 4659
f 4405 4659 4660
f 40 43 4662
f 40 4662 4661
f 43 48 4663
f 43 4663 4662
f 4361 4411 4662
f 4361 4662 4663
f 4411 4407 4661
f 4411 4661 4662
f 48 179 4664
f 48 4664 4663
f 179 181 4665
f 179 4665 4664
f 4353 4355 4664
f 4353 4664 4665
f 4355 4361 4663
f 4355 4663 4664
f 181 187 4666
f 181 4666 4665
f 187 186 4667
f 187 4667 4666
f 4349 4351 4666
f 4349 4666 4667
f 4351 4353 4665
f 4351 4665 4666
f 186 293 4668
f 186 4668 4667
f 293 297 4669
f 293 4669 4668
f 4345 4347 4668
f 4345 4668 4669
f 4347 4349 4667
f 4347 4667 4668
f 297 395 4670
f 297 4670 4669
f 395 397 4671
f 395 4671 4670
f 513 4343 4670
f 513 4670 4671
f 4343 4345 4669
f 4343 4669 4670
f 397 519 4672
f 397 4672 4671
f 519 523 4673
f 519 4673 4672
f 515 514 4672
f 515 4672 4673
f 514 513 4671
f 514 4671 4672
f 523 625 4674
f 523 4674 4673
f 625 629 4675
f 625 4675 4674
f 621 620 4674
f 621 4674 4675
f 620 515 4673
f 620 4673 4674
f 629 3572 4676
f 629 4676 4675
f 3572 616 4677
f 3572 4677 4676
f 623 622 4676
f 623 4676 4677
f 622 621 4675
f 622 4675 4676
f 616 615 4678
f 616 4678 4677
f 615 508 4558
f 615 4558 4678
f 517 619 4678
f 517 4678 4558
f 619 623 4677
f 619 4677 4678
# 4678 vertices
# 0 texture params
# 0 normals
# 9356 facets

# 1 groups
